Type,League,Class,Name,March,April,May,June,July,August,S13 August,S13 September,S13 October,End of Season,Post Season 13
Skill,SC,Amazon,Jab,188,165,142,174,171,172,171,172,191,191,188
Skill,SC,Amazon,Power Strike,1336,1358,1335,1365,1286,1306,1295,1314,1296,1296,1325
Skill,SC,Amazon,Poison Javelin,348,392,368,369,365,366,346,331,318,318,300
Skill,SC,Amazon,Fend,74,54,53,53,54,54,54,54,56,56,56
Skill,SC,Amazon,Lightning Bolt,1282,1300,1279,1275,1212,1232,1222,1240,1220,1220,1240
Skill,SC,Amazon,Charged Strike,977,997,999,999,932,952,958,978,984,984,974
Skill,SC,Amazon,Plague Javelin,408,464,424,422,417,418,397,374,341,341,323
Skill,SC,Amazon,Molten Strike,109,51,32,51,51,51,51,71,71,71,91
Skill,SC,Amazon,Lightning Strike,635,647,642,625,599,610,626,636,635,635,617
Skill,SC,Amazon,Lightning Fury,1381,1381,1360,1380,1290,1310,1290,1290,1270,1270,1290
Skill,SC,Amazon,Inner Sight,270,261,263,262,261,261,260,257,258,258,257
Skill,SC,Amazon,Lethal Strike,1335,1315,1326,1327,1331,1331,1316,1254,1236,1236,1242
Skill,SC,Amazon,Phase Run,374,377,380,387,374,374,371,367,368,368,368
Skill,SC,Amazon,Dodge,394,369,371,366,369,369,367,360,349,349,346
Skill,SC,Amazon,Avoid,374,346,351,346,349,349,346,340,330,330,328
Skill,SC,Amazon,Penetrate,768,729,714,727,739,739,740,686,682,682,681
Skill,SC,Amazon,Evade,267,252,257,255,258,258,257,249,245,245,244
Skill,SC,Amazon,Decoy,127,126,125,124,123,123,123,124,126,126,126
Skill,SC,Amazon,Valkyrie,756,714,713,729,693,693,700,701,724,724,706
Skill,SC,Amazon,Pierce,927,917,902,919,915,916,913,902,898,898,901
Skill,SC,Amazon,Cold Arrow,817,829,896,897,938,937,957,962,991,991,952
Skill,SC,Amazon,Magic Arrow,266,288,311,310,340,339,340,323,307,307,307
Skill,SC,Amazon,Multiple Shot,1340,1349,1382,1361,1394,1383,1364,1316,1297,1297,1317
Skill,SC,Amazon,Fire Arrow,1074,1060,1105,1098,1153,1164,1146,1123,1105,1105,1086
Skill,SC,Amazon,Ice Arrow,697,737,815,797,837,837,858,858,879,879,839
Skill,SC,Amazon,Guided Arrow,270,298,305,306,291,289,289,287,288,288,289
Skill,SC,Amazon,Exploding Arrow,578,561,557,536,567,583,578,590,554,554,555
Skill,SC,Amazon,Strafe,375,431,451,450,467,466,486,471,472,472,492
Skill,SC,Amazon,Immolation Arrow,1299,1318,1341,1304,1341,1321,1326,1283,1277,1277,1292
Skill,SC,Amazon,Freezing Arrow,580,627,668,685,725,725,746,784,824,824,784
Skill,SC,Assassin,Dragon Claw,103,105,112,111,115,116,115,111,109,109,107
Skill,SC,Assassin,Tiger Strike,191,172,171,172,175,174,175,154,139,139,137
Skill,SC,Assassin,Dragon Talon,120,122,129,128,132,133,150,127,125,125,123
Skill,SC,Assassin,Fists of Fire,622,655,751,750,754,736,676,636,596,596,575
Skill,SC,Assassin,Cobra Strike,305,349,392,393,413,403,412,378,357,357,343
Skill,SC,Assassin,Claws of Thunder,671,693,812,811,815,797,756,716,676,676,655
Skill,SC,Assassin,Dragon Flight,139,141,148,147,151,152,169,146,144,144,142
Skill,SC,Assassin,Blades of Ice,807,809,928,925,947,948,881,841,802,802,781
Skill,SC,Assassin,Claw Mastery,574,541,586,582,571,591,580,542,553,553,551
Skill,SC,Assassin,Psychic Hammer,235,216,202,223,223,222,262,241,257,257,219
Skill,SC,Assassin,Burst of Speed,637,610,591,606,594,595,599,599,592,592,591
Skill,SC,Assassin,Weapon Block,240,247,268,260,262,256,259,242,245,245,244
Skill,SC,Assassin,Cloak of Shadows,238,219,205,226,226,225,264,244,260,260,221
Skill,SC,Assassin,Fade,252,252,273,274,273,273,289,273,272,272,289
Skill,SC,Assassin,Shadow Warrior,91,71,143,147,148,147,149,163,143,143,142
Skill,SC,Assassin,Mind Blast,179,156,137,157,156,156,195,175,194,194,154
Skill,SC,Assassin,Venom,268,286,315,331,334,335,355,333,312,312,312
Skill,SC,Assassin,Shadow Master,645,637,680,740,769,768,827,787,767,767,754
Skill,SC,Assassin,Fire Blast,2683,2675,2579,2551,2587,2607,2594,2692,2710,2710,2729
Skill,SC,Assassin,Shock Web,231,237,240,222,193,193,174,173,174,174,175
Skill,SC,Assassin,Blade Throw,500,527,491,499,504,516,516,547,528,528,551
Skill,SC,Assassin,Charged Bolt Sentry,255,268,268,250,212,212,192,192,193,193,194
Skill,SC,Assassin,Wake of Fire,2670,2651,2553,2535,2575,2595,2576,2674,2692,2692,2712
Skill,SC,Assassin,Blade Fury,934,900,902,904,932,967,1007,1039,1033,1033,1053
Skill,SC,Assassin,Lightning Sentry,488,469,469,452,414,415,405,405,406,406,426
Skill,SC,Assassin,Wake of Inferno,2663,2643,2544,2524,2543,2563,2543,2643,2663,2663,2684
Skill,SC,Assassin,Death Sentry,629,605,584,579,563,549,546,546,546,546,574
Skill,SC,Assassin,Blade Shield,2256,2290,2213,2208,2246,2293,2308,2386,2385,2385,2385
Skill,SC,Barbarian,Howl,194,193,211,211,192,192,192,190,189,189,188
Skill,SC,Barbarian,Find Potion,150,151,154,153,153,153,153,152,151,151,150
Skill,SC,Barbarian,Taunt,411,450,451,488,545,525,526,544,563,563,543
Skill,SC,Barbarian,Shout,500,501,518,484,483,483,482,489,485,485,484
Skill,SC,Barbarian,Find Item,223,227,249,228,247,247,247,248,247,247,244
Skill,SC,Barbarian,Battle Cry,2184,2188,2095,2058,2102,2117,2127,2127,2127,2127,2107
Skill,SC,Barbarian,Battle Orders,1652,1654,1749,1746,1813,1810,1810,1797,1787,1787,1767
Skill,SC,Barbarian,Grim Ward,1589,1591,1630,1592,1600,1633,1655,1644,1648,1648,1641
Skill,SC,Barbarian,War Cry,338,377,354,393,453,433,433,454,473,473,453
Skill,SC,Barbarian,Battle Command,993,995,963,949,966,950,917,907,933,933,903
Skill,SC,Barbarian,Edged Weapon Mastery,632,653,652,705,678,681,681,678,641,641,640
Skill,SC,Barbarian,Pole Weapon Mastery,803,781,775,734,734,735,730,728,687,687,686
Skill,SC,Barbarian,Blunt Weapon Mastery,601,638,677,677,637,598,599,578,575,575,579
Skill,SC,Barbarian,Thrown Weapon Mastery,121,102,142,168,168,168,189,170,190,190,190
Skill,SC,Barbarian,Increased Stamina,260,259,240,254,258,239,239,252,237,237,236
Skill,SC,Barbarian,Counter Attack,129,129,110,111,110,108,101,99,98,98,97
Skill,SC,Barbarian,Iron Skin,364,365,377,377,378,378,391,394,394,394,394
Skill,SC,Barbarian,Increased Speed,250,249,235,216,215,234,225,223,223,223,222
Skill,SC,Barbarian,Puncture,165,165,143,144,144,143,144,139,136,136,136
Skill,SC,Barbarian,Natural Resistance,320,328,329,317,331,324,308,309,298,298,302
Skill,SC,Barbarian,Whirling Axes,2221,2201,2103,2023,1984,2003,2005,1965,1945,1945,1945
Skill,SC,Barbarian,Double Swing,2133,2082,1989,1951,1928,1947,1908,1893,1854,1854,1859
Skill,SC,Barbarian,Concentrate,152,151,191,191,169,169,168,165,164,164,164
Skill,SC,Barbarian,Cleave,241,220,222,241,238,239,239,236,226,226,226
Skill,SC,Barbarian,Frenzy,335,334,296,308,306,305,265,285,266,266,266
Skill,SC,Barbarian,Stun,151,150,171,188,166,166,168,165,164,164,164
Skill,SC,Barbarian,Leap Slam,387,385,405,424,421,441,460,419,418,418,418
Skill,SC,Barbarian,Double Throw,0,0,0,0,,0,0,0,0,0,0
Skill,SC,Barbarian,Bash,330,313,353,411,379,380,415,394,411,411,431
Skill,SC,Barbarian,Ethereal Throw,143,123,124,164,164,164,184,165,185,185,185
Skill,SC,Barbarian,Whirlwind,1550,1541,1509,1483,1463,1425,1426,1400,1375,1375,1373
Skill,SC,Druid,Firestorm,448,501,527,545,577,577,585,564,525,525,525
Skill,SC,Druid,Molten Boulder,1081,1079,1080,1079,1133,1152,1146,1144,1124,1124,1124
Skill,SC,Druid,Flame Dash,1058,1045,1012,1026,1031,1050,990,1026,1006,1006,1006
Skill,SC,Druid,Arctic Blast,203,231,178,213,233,194,193,203,202,202,202
Skill,SC,Druid,Fissure,351,354,355,355,359,360,359,303,313,313,311
Skill,SC,Druid,Cyclone Armor,258,203,185,226,239,208,210,226,225,225,225
Skill,SC,Druid,Twister,444,445,364,420,424,423,425,420,419,419,419
Skill,SC,Druid,Volcano,213,246,258,258,281,282,300,278,287,287,287
Skill,SC,Druid,Tornado,531,566,454,477,510,497,497,485,484,484,484
Skill,SC,Druid,Armageddon,558,619,639,620,689,691,688,672,652,652,653
Skill,SC,Druid,Hurricane,668,726,587,630,618,618,630,670,669,669,669
Skill,SC,Druid,Werewolf,294,334,358,365,362,382,389,410,412,412,424
Skill,SC,Druid,Lycanthropy,1678,1733,1764,1754,1712,1732,1772,1814,1831,1831,1851
Skill,SC,Druid,Werebear,671,632,654,607,588,588,608,626,626,626,626
Skill,SC,Druid,Feral Rage,147,152,185,194,191,192,209,229,249,249,250
Skill,SC,Druid,Maul,917,873,886,825,807,807,827,847,847,847,847
Skill,SC,Druid,Rabies,988,1011,1012,1034,1012,1013,1033,995,977,977,997
Skill,SC,Druid,Fire Claws,101,82,102,82,122,122,142,162,162,162,162
Skill,SC,Druid,Hunger,0,0,0,1,,0,0,0,0,0,0
Skill,SC,Druid,Shock Wave,703,663,683,643,623,623,643,663,663,663,663
Skill,SC,Druid,Fury,151,217,237,276,256,275,276,313,353,353,353
Skill,SC,Druid,Raven,211,189,189,207,204,185,184,187,187,187,188
Skill,SC,Druid,Poison Creeper,1133,1146,1152,1170,1130,1131,1133,1087,1067,1067,1088
Skill,SC,Druid,Heart of Wolverine,1051,1059,1130,1122,1064,1064,1050,1075,1097,1097,1098
Skill,SC,Druid,Summon Spirit Wolf,731,647,655,638,593,599,580,557,563,563,564
Skill,SC,Druid,Carrion Vine,52,44,45,57,57,58,58,59,59,59,60
Skill,SC,Druid,Oak Sage,1607,1618,1603,1586,1532,1513,1549,1564,1570,1570,1571
Skill,SC,Druid,Summon Dire Wolf,1857,1798,1848,1792,1729,1739,1740,1685,1682,1682,1703
Skill,SC,Druid,Solar Creeper,29,36,28,44,44,45,46,46,46,46,47
Skill,SC,Druid,Spirit of Barbs,60,59,59,57,34,35,36,38,38,38,39
Skill,SC,Druid,Summon Grizzly,1170,1046,1065,1026,991,994,977,939,957,957,959
Skill,SC,Necromancer,Summon Mastery,2308,2360,2397,2430,2487,2481,2460,2444,2423,2423,2449
Skill,SC,Necromancer,Raise Skeleton Warrior,560,615,583,603,606,606,617,633,631,631,633
Skill,SC,Necromancer,Bone Offering,32,35,35,36,35,35,35,32,31,31,31
Skill,SC,Necromancer,Clay Golem,227,223,227,223,225,223,218,212,212,212,215
Skill,SC,Necromancer,Flesh Offering,50,50,51,50,51,51,51,63,61,61,61
Skill,SC,Necromancer,Raise Skeletal Mage,428,522,527,544,566,566,550,567,565,565,567
Skill,SC,Necromancer,Blood Golem,389,389,402,402,393,391,386,393,393,393,403
Skill,SC,Necromancer,Convocation,2256,2162,2252,2285,2315,2327,2298,2263,2263,2263,2282
Skill,SC,Necromancer,Iron Golem,113,116,120,124,129,129,127,127,127,127,128
Skill,SC,Necromancer,Fire Golem,1744,1748,1828,1869,1915,1896,1875,1836,1817,1817,1837
Skill,SC,Necromancer,Revive,484,518,513,528,544,528,520,517,517,517,519
Skill,SC,Necromancer,Deadly Poison,615,591,663,705,745,744,723,709,702,702,725
Skill,SC,Necromancer,Teeth,25,25,45,45,45,25,25,24,25,25,25
Skill,SC,Necromancer,Bone Armor,209,200,210,211,212,210,197,195,193,193,193
Skill,SC,Necromancer,Corpse Explosion,1992,1965,2067,2103,2162,2141,2100,2048,2027,2027,2046
Skill,SC,Necromancer,Desecrate,979,930,1018,1077,1117,1116,1095,1093,1092,1092,1115
Skill,SC,Necromancer,Bone Spear,35,35,55,55,55,35,34,34,35,35,35
Skill,SC,Necromancer,Bone Wall,341,325,328,331,325,324,314,275,290,290,271
Skill,SC,Necromancer,Bone Spirit,21,19,39,39,39,33,33,33,34,34,34
Skill,SC,Necromancer,Poison Nova,652,613,672,708,748,748,736,737,740,740,760
Skill,SC,Necromancer,Amplify Damage,63,66,84,86,97,96,106,106,104,104,111
Skill,SC,Necromancer,Dim Vision,574,544,534,500,467,447,415,397,425,425,405
Skill,SC,Necromancer,Hemorrhage,2360,2200,2120,2000,1941,1921,1861,1821,1841,1841,1821
Skill,SC,Necromancer,Weaken,2352,2195,2115,1995,1935,1915,1855,1815,1835,1835,1815
Skill,SC,Necromancer,Iron Maiden,2338,2200,2120,2000,1940,1920,1860,1820,1840,1840,1820
Skill,SC,Necromancer,Terror,1,1,1,1,1,1,1,1,1,1,1
Skill,SC,Necromancer,Confuse,4,4,4,4,7,7,7,7,7,7,7
Skill,SC,Necromancer,Life Tap,2360,2204,2123,2003,1943,1923,1863,1823,1843,1843,1823
Skill,SC,Necromancer,Attract,5,5,5,4,4,4,4,4,5,5,5
Skill,SC,Necromancer,Decrepify,236,228,229,228,229,227,218,215,213,213,224
Skill,SC,Necromancer,Lower Resist,356,342,398,402,427,432,431,395,379,379,415
Skill,SC,Paladin,Prayer,234,234,231,229,243,245,243,240,239,239,239
Skill,SC,Paladin,Resist Fire,305,342,387,405,403,422,443,419,478,478,479
Skill,SC,Paladin,Defiance,680,730,703,707,698,700,724,721,721,721,721
Skill,SC,Paladin,Resist Cold,138,130,159,180,178,195,188,236,236,236,236
Skill,SC,Paladin,Cleansing,396,396,408,407,383,384,403,400,400,400,400
Skill,SC,Paladin,Resist Lightning,501,481,541,562,523,544,584,592,612,612,612
Skill,SC,Paladin,Vigor,1006,969,991,1012,951,931,892,871,871,871,871
Skill,SC,Paladin,Meditation,31,32,31,31,34,34,34,34,34,34,34
Skill,SC,Paladin,Redemption,187,182,201,219,215,213,195,194,193,193,193
Skill,SC,Paladin,Salvation,738,748,861,919,898,920,940,948,981,981,981
Skill,SC,Paladin,Might,285,292,346,345,345,363,344,335,354,354,354
Skill,SC,Paladin,Holy Fire,140,152,132,129,132,131,132,132,131,131,131
Skill,SC,Paladin,Precision,128,125,104,100,104,102,104,104,105,105,105
Skill,SC,Paladin,Blessed Aim,870,853,849,890,830,809,770,770,767,767,767
Skill,SC,Paladin,Concentration,778,741,717,758,698,677,638,618,618,618,618
Skill,SC,Paladin,Holy Freeze,263,241,260,276,260,259,260,298,297,297,297
Skill,SC,Paladin,Holy Shock,1454,1401,1419,1393,1468,1450,1450,1469,1428,1428,1428
Skill,SC,Paladin,Sanctuary,1258,1198,1139,1062,1090,1070,1091,1087,1074,1074,1075
Skill,SC,Paladin,Fanaticism,679,721,641,642,641,640,660,679,700,700,700
Skill,SC,Paladin,Conviction,573,547,574,560,586,565,566,564,560,560,561
Skill,SC,Paladin,Sacrifice,285,380,377,373,393,393,373,372,369,369,369
Skill,SC,Paladin,Smite,765,826,777,776,758,776,777,777,792,792,792
Skill,SC,Paladin,Holy Bolt,1811,1733,1674,1597,1693,1673,1674,1673,1616,1616,1616
Skill,SC,Paladin,Zeal,351,455,447,424,448,447,428,421,418,418,418
Skill,SC,Paladin,Charge,427,424,462,479,480,517,540,540,540,540,543
Skill,SC,Paladin,Vengeance,183,173,189,185,189,188,188,208,205,205,205
Skill,SC,Paladin,Blessed Hammer,1010,986,984,1021,965,945,908,907,888,888,888
Skill,SC,Paladin,Absolution,121,118,94,90,95,94,94,94,91,91,91
Skill,SC,Paladin,Holy Shield,2058,2124,2076,2049,2049,2069,2099,2087,2115,2115,2118
Skill,SC,Paladin,Fist of the Heavens,1715,1644,1564,1484,1584,1564,1564,1564,1504,1504,1504
Skill,SC,Paladin,Dashing Strike,277,257,244,248,228,249,270,269,289,289,289
Skill,SC,Sorceress,Ice Bolt,763,736,794,763,750,743,776,807,789,789,791
Skill,SC,Sorceress,Frigerate,482,494,523,539,578,558,559,569,549,549,550
Skill,SC,Sorceress,Frost Nova,411,388,391,452,473,472,471,413,453,453,431
Skill,SC,Sorceress,Ice Blast,1307,1228,1276,1259,1262,1261,1299,1288,1284,1284,1284
Skill,SC,Sorceress,Shiver Armor,830,823,853,891,933,913,909,903,922,922,903
Skill,SC,Sorceress,Glacial Spike,997,946,1005,958,934,933,971,1005,952,952,958
Skill,SC,Sorceress,Blizzard,238,217,220,238,249,248,249,240,240,240,238
Skill,SC,Sorceress,Freezing Pulse,841,785,825,801,764,764,784,823,803,803,823
Skill,SC,Sorceress,Chilling Armor,20,11,13,11,10,10,10,7,7,7,6
Skill,SC,Sorceress,Frozen Orb,673,668,732,737,754,734,714,756,756,756,716
Skill,SC,Sorceress,Cold Mastery,2099,1998,2065,2069,2069,2049,2069,2101,2124,2124,2086
Skill,SC,Sorceress,Charged Bolt,813,750,750,735,718,699,644,678,737,737,700
Skill,SC,Sorceress,Static Field,268,274,272,267,271,268,268,268,268,268,267
Skill,SC,Sorceress,Telekinesis,1889,1967,2048,2130,2172,2170,2219,2243,2261,2261,2299
Skill,SC,Sorceress,Nova,545,548,547,527,527,547,549,556,536,536,536
Skill,SC,Sorceress,Lightning Surge,1493,1505,1591,1613,1619,1608,1601,1656,1720,1720,1702
Skill,SC,Sorceress,Chain Lightning,743,706,711,694,715,716,661,702,763,763,724
Skill,SC,Sorceress,Teleport,1548,1566,1663,1734,1755,1749,1767,1793,1819,1819,1832
Skill,SC,Sorceress,Discharge,453,456,453,434,414,435,453,477,457,457,457
Skill,SC,Sorceress,Thunder Storm,1176,1225,1307,1367,1386,1386,1418,1471,1460,1460,1462
Skill,SC,Sorceress,Energy Shield,505,521,557,573,595,597,610,623,612,612,629
Skill,SC,Sorceress,Lightning Mastery,2421,2414,2492,2510,2503,2504,2488,2551,2589,2589,2568
Skill,SC,Sorceress,Fire Bolt,378,357,419,431,450,448,452,404,426,426,440
Skill,SC,Sorceress,Warmth,1484,1487,1538,1600,1639,1618,1611,1613,1615,1615,1676
Skill,SC,Sorceress,Inferno,69,90,110,110,109,109,109,131,131,131,171
Skill,SC,Sorceress,Immolate,47,47,47,47,46,46,46,65,65,65,65
Skill,SC,Sorceress,Fire Ball,501,482,522,513,512,503,503,477,500,500,503
Skill,SC,Sorceress,Fire Wall,27,27,28,28,40,40,40,39,39,39,39
Skill,SC,Sorceress,Enflame,524,497,499,544,563,540,537,539,542,542,563
Skill,SC,Sorceress,Meteor,102,102,103,84,62,62,68,48,48,48,48
Skill,SC,Sorceress,Hydra,1301,1236,1256,1353,1360,1333,1293,1333,1389,1389,1360
Skill,SC,Sorceress,Fire Mastery,1271,1303,1342,1445,1447,1399,1360,1400,1438,1438,1465
Unique,SC,,Alma Negra,7,7,6,6,7,7,7,7,7,7,6
Unique,SC,,Andariel's Visage,52,53,56,55,54,55,52,52,49,49,51
Unique,SC,,Arachnid Mesh,425,437,448,455,463,466,465,481,489,489,487
Unique,SC,,Arioc's Needle,0,0,0,0,,1,1,0,0,0,0
Unique,SC,,Arkaine's Valor,19,20,23,21,22,22,22,22,22,22,21
Unique,SC,,Arm of King Leoric,2,4,4,4,4,5,6,6,6,6,6
Unique,SC,,Arreat's Face,105,102,106,105,106,107,105,104,104,104,104
Unique,SC,,Astreon's Iron Ward,6,7,5,5,4,4,4,4,4,4,4
Unique,SC,,Athena's Wrath,0,0,0,0,,0,0,0,0,0,0
Unique,SC,,Atma's Scarab,21,17,17,18,16,16,18,19,20,20,20
Unique,SC,,Atma's Wail,0,0,0,0,,0,0,0,0,0,0
Unique,SC,,Axe of Fechmar,1,1,0,0,,0,0,0,0,0,0
Unique,SC,,Azurewrath,12,11,11,10,11,12,12,12,13,13,12
Unique,SC,,Baezil's Vortex,2,2,2,1,0(+1),0(+1),0(+1),0(+1),0(+1),0(+1),0(+1)
Unique,SC,,Bane Ash,1,1,1,1,0(+1),0(+1),0(+1),0(+1),0(+1),0(+1),0(+1)
Unique,SC,,Baranar's Star,0,0,0,0,,0,0,0,0,0,0
Unique,SC,,Bartuc's Cut-Throat,23,24,27,26,27,26,26,23,21,21,23
Unique,SC,,Biggin's Bonnet,1,1,1,1,1,1,1,1,1,1,1
Unique,SC,,Bing Sz Wang,1,2,2,2,2,1,1,1,1,1,1
Unique,SC,,Black Hades,0,0,0,0,,0,0,0,0,0,0
Unique,SC,,Blackbog's Sharp,0,0,0,0,1,1,1,1,1,1,1
Unique,SC,,Blackhand Key,1,1,2,2,2(+1),2(+1),2(+1),1(+1),1(+1),1(+1),1(+1)
Unique,SC,,Blackhorn's Face,0,0,0,1,,0,0,0,0,0,0
Unique,SC,,Blackleach Blade,0,0,0,0,,0,0,0,0,0,0
Unique,SC,,Blackoak Shield,2,2,3,3,3,3,4,4,4,4,4
Unique,SC,,Blacktongue,0,0,0,0,,0,0,0,0,0,0
Unique,SC,,Blade Of Ali Baba,0,0,0,0,,0,0,0,0,0,0
Unique,SC,,Bladebone,0,0,0,0,,0,0,0,0,0,0
Unique,SC,,Bladebuckle,4,3,2,2,2,2,2,2,2,2,2
Unique,SC,,Blastbark,0,0,0,0,,0,0,0,0,0,0
Unique,SC,,Blinkbat's Form,0,0,0,0,,0,0,0,0,0,0
Unique,SC,,Blood Crescent,0,0,0,0,,0,0,0,0,0,0
Unique,SC,,Blood Raven's Charge,0,0,0,0,,0,0,1,0,0,0
Unique,SC,,Bloodfist,11,9,9,10,9,9,7,9,8,8,8
Unique,SC,,Bloodletter,2,2,2,2,1(+1),1(+1),1,1,1,1,1
Unique,SC,,Bloodmoon,0,0,0,0,,0,0,0,0,0,0
Unique,SC,,Bloodrise,0,0,0,0,,0,1,0,0,0,0
Unique,SC,,Bloodthief,0,0,0,0,,0,0,0,0,0,0
Unique,SC,,Bloodtree Stump,1,1,1,1,0(+1),0(+1),0(+1),0(+1),0(+1),0(+1),0(+1)
Unique,SC,,Boneflame,6,8,7,8,9,10,11,11,11,11,11
Unique,SC,,Boneflesh,0,0,0,0,,0,0,0,0,0,0
Unique,SC,,Bonehew,0,0,0,0,,0,0,0,1,1,1
Unique,SC,,Boneshade,3,3,4,4,3,2(+1),2(+1),3(+1),3(+1),3(+1),3(+1)
Unique,SC,,Boneslayer Blade,0,0,0,0,,0,0,0,0,0,0
Unique,SC,,Bonesnap,2,3,2,2,1(+1),1(+1),1(+1),1(+1),1(+1),1(+1),1(+1)
Unique,SC,,Brainhew,0,0,1,1,0(+1),0(+1),0(+1),0(+1),0(+1),0(+1),0(+1)
Unique,SC,,Bul-Kathos' Wedding Band,222,239,242,250,262,259,264,272,278,278,281
Unique,SC,,Buriza-Do Kyanon,8,7,7,7,6(+1),6(+1),6(+1),6(+1),6(+1),6(+1),6(+2)
Unique,SC,,Butcher's Pupil,1,1,1,1,1,1,1,1,1,1,1
Unique,SC,,Bverrit Keep,0,0,0,0,,0,0,0,0,0,0
Unique,SC,,Carin Shard,3,3,3,3,0(+3),0(+3),0(+3),0(+2),0(+2),0(+2),0(+2)
Unique,SC,,Carrion Wind,66,61,68,69,64,65,63,59,57,57,58
Unique,SC,,Cerebus' Bite,2,3,3,3,3,3,3,3,3,3,3
Unique,SC,,Chance Guards,58,55,55,58,58,57,58,60,63,63,62
Unique,SC,,Chromatic Ire,0,0,0,0,,0,0,0,0,0,0
Unique,SC,,Cliffkiller,1,0,0,0,,0,0,0,0(+1),0(+1),0(+1)
Unique,SC,,Cloudcrack,0,0,0,0,,0,0,0,0,0,0
Unique,SC,,Coif of Glory,0,0,0,0,,0,0,0,0,0,1
Unique,SC,,Coldkill,0,0,0,0,,0,0,0,0,0,0
Unique,SC,,Coldsteel Eye,0,0,0,0,,0,0,0,0,0,0(+1)
Unique,SC,,Corpsemourn,0,0,0,0,,0,0,0,0,0,0
Unique,SC,,Crainte Vomir,1,1,1,1,0(+1),0(+1),0(+1),0(+1),0(+1),0(+1),0(+1)
Unique,SC,,Cranebeak,2,2,2,2,1,1,1,1,1,1,1
Unique,SC,,Crescent Moon,3,3,3,2,2,2,1,1,1,1,1
Unique,SC,,Crow Caw,0,0,0,0,,0,0,0,0,0,0
Unique,SC,,Crown of Ages,16,15,18,20,19,20,20,16,16,16,16
Unique,SC,,Crown of Thieves,1,1,1,1,,1,1,1,1,1,1
Unique,SC,,Crushflange,0,0,0,0,,0,1,0(+1),0(+1),0(+1),0(+1)
Unique,SC,,Culwen's Point,3,2,2,2,1(+1),1(+1),1(+2),1(+4),1(+3),1(+3),1(+3)
Unique,SC,,Dark Clan Crusher,6,6,6,7,7,7,6,5,5,5,5
Unique,SC,,Darkforce Spawn,1,1,1,2,2,2,2,2,2,2,2
Unique,SC,,Darkglow,0,0,0,0,,0,0,0,0,0,0
Unique,SC,,Darksight Helm,0,0,0,0,,0,0,0,0,0,0
Unique,SC,,Death Cleaver,5,6,3,3,3,3,4,4,4,4,4
Unique,SC,,Deathbit,0,0,0,0,,0,0,0,0,0,0
Unique,SC,,Death's Fathom,16,15,19,19,18,18,19,20,20,20,21
Unique,SC,,Death's Web,18,17,17,18,20,20,21,22,23,23,21(+1)
Unique,SC,,Deathspade,0,0,0,0,,0,0,0,0,0,0
Unique,SC,,Demon Limb,48,46,48,45,46,46,46,44,45,45,43
Unique,SC,,Demon Machine,1,1,1,1,0(+1),0(+1),0(+1),0(+1),0(+1),0(+1),0(+1)
Unique,SC,,Demonhorn's Edge,0,0,1,1,1,1,1,1,1,1,1
Unique,SC,,Demon's Arch,1,1,1,1,1,1,1,1,1,1,1
Unique,SC,,Dimoak's Hew,0,0,0,0,,0,0,0,0,0,0
Unique,SC,,Djinn Slayer,1,2,1,1,1,1,1,1,1,1,1
Unique,SC,,Doombringer,0,0,1,1,1,1,1,1,1,1,1
Unique,SC,,Doomslinger,13,16,18,18,19,18,18,15,16,16,16
Unique,SC,,Dracul's Grasp,90,101,110,104,105,105,108,110,110,110,112
Unique,SC,,Dragonscale,1,0,0,0,,0,1,1,1,1,1
Unique,SC,,Duriel's Shell,11,7,8,7,6,6,6,5,4,4,4
Unique,SC,,Duskdeep,0,0,0,0,,0,0,0,0,0,0
Unique,SC,,Dwarf Star,86,82,81,77,79,81,76,82,80,80,78
Unique,SC,,Eaglehorn,3,3,3,3,2(+1),2(+1),2(+1),2(+1),2(+1),2(+1),2(+1)
Unique,SC,,Earth Shifter,7,7,8,8,7(+1),7(+1),7(+1),6(+1),6(+1),6(+1),6(+1)
Unique,SC,,Earthshaker,1,1,1,1,1,1,1,1,1,1,1
Unique,SC,,Endlesshail,0,0,1,0,0(+1),0(+1),0(+1),0(+1),0,0,0
Unique,SC,,Eschuta's Temper,24,23,23,21,20,20,21,21,21,21,20
Unique,SC,,Ethereal Edge,0,0,0,0,,0,0,0,0,0,0
Unique,SC,,Executioner's Justice,1,1,2,1,1,1,1,1,1,1,1
Unique,SC,,Felloak,0,0,0,0,,0,0,0,0,0,0
Unique,SC,,Firelizard's Talons,4,4,3,3,2,2,2,2,2,2,2
Unique,SC,,Flamebellow,2,2,2,2,2,2,2,2,2,2,2
Unique,SC,,Fleshrender,8,8,8,9,7(+1),7(+1),6(+1),6(+1),6(+1),6(+1),6(+1)
Unique,SC,,Fleshripper,4,3,4,4,3(+1),3(+1),3(+1),5,5,5,5
Unique,SC,,Frostburn,33,33,32,29,31,29,30,31,32,32,34
Unique,SC,,Frostwind,12,13,14,14,14,14,14,15,15,15,15
Unique,SC,,Gargoyle's Bite,1,1,1,1,0(+1),0(+1),0(+1),0(+1),0(+1),0(+1),0(+1)
Unique,SC,,Gerke's Sanctuary,3,5,4,5,4,4,5,4,4,4,4
Unique,SC,,Ghostflame,0,0,1,1,1,1,1,1,1,1,1
Unique,SC,,Ghoulhide,2,2,2,2,2,2,3,4,4,4,4
Unique,SC,,Giant Skull,1,1,1,1,2,2,2,2,2,2,2
Unique,SC,,Gimmershred,0,0,0,0,,0,0,0,0,0,0
Unique,SC,,Ginther's Rift,0,0,0,0,,0,0,0,0,0,0
Unique,SC,,Gleamscythe,1,0,0,1,0(+1),0(+1),0(+2),0(+2),0(+2),0(+2),0(+2)
Unique,SC,,Gloom's Trap,2,1,1,1,2,2,1,1,2,2,1
Unique,SC,,Goblin Toe,9,10,10,9,8,8,8,8,8,8,8
Unique,SC,,Goldskin,4,1,1,1,1,1,1,1,1,1,1
Unique,SC,,Goldstrike Arch,0,0,0,1,1,1,1,0,0,0,0(+1)
Unique,SC,,Goldwrap,74,65,64,57,59,60,56,52,53,53,52
Unique,SC,,Gore Rider,150,144,145,147,144,147,156,154,153,153,156
Unique,SC,,Gorefoot,0,0,0,1,1,1,1,0,0,0,1
Unique,SC,,Goreshovel,0,1,1,1,1,1,1,1,1,1,1
Unique,SC,,Gravenspine,2,1,1,1,0(+1),0(+1),0(+1),0(+1),0(+1),0(+1),0(+1)
Unique,SC,,Gravepalm,1,1,1,1,1,1,1,1,1,1,1
Unique,SC,,Greyform,0,0,0,0,,0,0,0,0,0,0
Unique,SC,,Griffon's Eye,94,95,96,95,93,94,95,94,100,100,99
Unique,SC,,Grim's Burning Dead,0,0,0,0,,0,0,0,0,0,0
Unique,SC,,Griswold's Edge,1,0,0,0,,0,0,0,0,0,0
Unique,SC,,Guardian Angel,22,21,17,18,18,18,17,17,17,17,18
Unique,SC,,Guardian Naga,1,1,1,1,,0,0,0,0,0,0
Unique,SC,,Gull,11,12,9,8,10,9,9,7,7,7,7
Unique,SC,,Gut Siphon,0,0,0,0,,0,0,0,0,0,0
Unique,SC,,Halaberd's Reign,1,1,1,1,1,1,1,1,1,1,1
Unique,SC,,Hand of Blessed Light,3,2,2,2,1(+1),1(+1),1(+1),1(+2),2(+2),2(+2),2(+2)
Unique,SC,,Harlequin Crest,401,387,384,389,388,391,392,396,395,395,390
Unique,SC,,Hawkmail,0,0,0,1,1,1,1,0,0,0,0
Unique,SC,,Head Hunter's Glory,0,0,0,0,,0,1,0,0,0,1
Unique,SC,,Headstriker,27,26,25,24,23,23,24,26,26,26,25
Unique,SC,,Heart Carver,3,2,3,3,3(+1),3(+1),3(+1),3(+1),3(+1),3(+1),3(+1)
Unique,SC,,Heavenly Garb,0,0,1,1,1,1,1,1,1,1,1
Unique,SC,,Heaven's Light,7,5,6,6,4(+1),4(+1),5(+1),5(+1),5(+1),5(+1),5(+1)
Unique,SC,,Hellcast,1,1,1,1,1,1,1,1,1,1,1
Unique,SC,,Hellclap,0,0,0,1,1,0,0,0,0,0,0
Unique,SC,,Hellmouth,0,0,0,0,,0,1,1,1,1,1
Unique,SC,,Hellplague,1,1,1,1,0(+1),0(+1),0(+1),0(+1),0(+1),0(+1),0(+1)
Unique,SC,,Hellrack,2,2,2,2,2,2,2,3,3,3,3
Unique,SC,,Hellslayer,0,0,1,1,0(+1),0(+1),0(+1),0(+1),0(+1),0(+1),0(+1)
Unique,SC,,Herald Of Zakarum,0,0,0,0,,0,0,0,0,0,0
Unique,SC,,Hexfire,5,3,4,5,4(+1),4(+1),5(+1),5(+1),5(+1),5(+1),5(+1)
Unique,SC,,Highlord's Wrath,154,148,150,153,152,156,156,156,159,159,161
Unique,SC,,Homunculus,146,139,137,137,138,138,133,136,132,132,131
Unique,SC,,Hone Sundan,1,1,1,1,0(+1),0(+1),0(+1),0(+1),0(+1),0(+1),0(+1)
Unique,SC,,Horizon's Tornado,0,1,2,2,1(+1),1(+1),1(+1),0(+1),0(+1),0(+1),0(+1)
Unique,SC,,Hotspur,0,0,0,0,,0,0,0,0,0,0
Unique,SC,,Howltusk,0,0,0,0,,0,0,0,0,0,0
Unique,SC,,Humongous,0,0,0,0,,0,0,0,0,0,0
Unique,SC,,Husoldal Evo,0,0,0,0,,0,0,0,0,0,0
Unique,SC,,Iceblink,0,1,0,0,,0,0,0,0,0,0
Unique,SC,,Ichorsting,0,0,0,0,,0,0,0,0,0,0
Unique,SC,,Infernostride,6,7,8,8,8,8,8,7,7,7,6
Unique,SC,,Iron Pelt,0,0,0,0,,0,0,0,0,0,0
Unique,SC,,Ironstone,1,1,1,1,0(+1),0(+1),0(+1),0(+1),0(+1),0(+1),0(+1)
Unique,SC,,Islestrike,2,2,2,2,1(+1),1(+1),1(+2),3(+1),3(+1),3(+1),3(+1)
Unique,SC,,Jade Talon,5,5,7,4,2(+1),2(+1),2(+1),2(+1),2(+1),2(+1),2(+1)
Unique,SC,,Jalal's Mane,86,84,86,85,78,79,81,79,79,79,80
Unique,SC,,Kelpie Snare,0,0,0,0,,0,0,0,0,0,0
Unique,SC,,Kinemil's Awl,0,0,0,0,,0,0,0,0,0,0
Unique,SC,,Kira's Guardian,11,10,10,10,9,9,10,7,7,7,7
Unique,SC,,Knell Striker,1,1,1,1,0(+1),0(+1),0(+1),0(+1),0(+1),0(+1),0(+1)
Unique,SC,,Kuko Shakaku,2,2,2,3,2(+1),2(+1),2(+1),2(+1),2(+1),2(+1),2(+1)
Unique,SC,,Lacerator,4,4,4,3,3,3,3,3,3,3,3
Unique,SC,,Lance Guard,2,1,1,1,1,1,1,1,1,1,2
Unique,SC,,Lance of Yaggai,0,0,0,0,,0,0,0,0,0,0
Unique,SC,,Langer Briser,0,0,0,0,,0,0,0,0,0,0
Unique,SC,,Lava Gout,6,5,5,4,4,4,5,4,5,5,6
Unique,SC,,Leadcrow,0,0,0,0,,0,0,0,0,0,0
Unique,SC,,Lenymo,2,3,3,3,2,2,2,2,2,2,2
Unique,SC,,Leviathan,4,4,6,4,4,3,2,3,3,3,4
Unique,SC,,Lidless Wall,65,68,65,69,71,69,72,74,74,74,77
Unique,SC,,Lightsabre,24,21,19,22,22(+1),23(+1),22(+1),22(+1),22(+1),22(+1),22(+1)
Unique,SC,,Lycander's Aim,0,0,0,0,,0,0(+1),0(+1),0,0,0
Unique,SC,,Lycander's Flank,0,0,0,0,,0,0,0,0,0,0
Unique,SC,,Maelstrom,1,1,1,1,0(+1),0(+1),0(+1),0(+1),0(+1),0(+1),0(+1)
Unique,SC,,Magefist,307,301,309,320,323,325,320,321,321,321,318
Unique,SC,,Magewrath,1,1,0,0,1,0(+1),0(+1),0,0(+1),0(+1),0(+1)
Unique,SC,,Manald Heal,47,38,35,36,38,39,37,36,34,34,34
Unique,SC,,Mang Song's Lesson,19,18,19,20,17(+3),16(+2),15(+1),17(+1),18(+1),18(+1),18(+1)
Unique,SC,,Mara's Kaleidoscope,270,287,287,292,300,299,294,289,291,291,293
Unique,SC,,Marrowwalk,14,16,17,16,16,15,17,18,20,20,18
Unique,SC,,Medusa's Gaze,154,160,164,170,173,173,172,176,180,180,179
Unique,SC,,Messerschmidt's Reaver,0,0,0,1,,0,0,0,0,0,0
Unique,SC,,Metalgrid,15,18,20,19,23,22,19,18,18,18,18
Unique,SC,,Moonfall,0,0,0,0,,0,0,0,0,0,0
Unique,SC,,Moser's Blessed Circle,4,3,2,3,4,4,4,4,3,3,3
Unique,SC,,Nagelring,142,135,126,123,120,118,116,118,114,114,109
Unique,SC,,Nature's Peace,25,22,24,23,25,25,28,29,31,31,29
Unique,SC,,Nightsmoke,12,11,11,12,10,10,10,8,8,8,8
Unique,SC,,Nightwing's Veil,23,28,31,30,30,28,32,31,33,33,34
Unique,SC,,Nokozan Relic,3,2,2,2,1,1,1,1,1,1,1
Unique,SC,,Nord's Tenderizer,0,0,0,0,,0,0,1,1,1,1
Unique,SC,,Nosferatu's Coil,9,10,12,11,10,10,11,9,9,9,9
Unique,SC,,Ondal's Wisdom,44,41,42,42,41(+1),41(+1),40,40,41,41,39
Unique,SC,,Ormus' Robes,10,12,12,11,10,9,9,10,11,11,11
Unique,SC,,Peasant Crown,6,5,5,4,4,4,4,4,4,4,4
Unique,SC,,Pelta Lunata,1,1,1,1,1,1,1,1,1,1,1
Unique,SC,,Pierre Tombale Couant,0,0,1,1,0(+1),0(+1),0(+1),0(+1),0(+1),0(+1),0(+1)
Unique,SC,,Plague Bearer,7,5,5,5,4,4,4(+1),4,4,4,4
Unique,SC,,Pluckeye,0,0,0,0,,0,0,0,0,0,0
Unique,SC,,Pompeii's Wrath,2,1,1,1,1,1,1,1,1,1,2
Unique,SC,,Pus Spitter,0,0,0,1,1,0,0,0,0,0,0
Unique,SC,,Que-Hegan's Wisdom,22,21,22,21,20,19,18,17,17,17,17
Unique,SC,,Radament's Sphere,29,27,33,34,39,41,40,38,38,38,39
Unique,SC,,Rakescar,2,1,1,1,0(+1),0(+1),0(+1),0(+1),0(+1),0(+1),0(+1)
Unique,SC,,Rattlecage,1,1,1,0,,0,1,0,0,0,0
Unique,SC,,Raven Claw,1,1,2,2,1(+1),1(+1),1(+1),1(+1),1(+1),1(+1),1(+1)
Unique,SC,,Raven Frost,481,480,486,494,486,490,494,495,502,502,496
Unique,SC,,Ravenlore,20,20,19,22,23,23,25,25,25,25,24
Unique,SC,,Razor's Edge,0,0,0,0,,0,0,0,0,0,0
Unique,SC,,Razorswitch,2,2,2,2,2,2,2,2,2,2,2
Unique,SC,,Razortail,110,109,114,114,114,114,117,110,112,112,111
Unique,SC,,Razortine,0,0,0,0,,0,0,0,0,0,0
Unique,SC,,Ribcracker,1,0,1,1,2,2,2,2,2,2,2
Unique,SC,,Riphook,0,0,0,0,,0,0,0,0,0,0
Unique,SC,,Ripsaw,1,1,1,1,0(+1),0(+1),0(+1),0(+1),0(+1),0(+1),0(+1)
Unique,SC,,Rixot's Keen,1,1,1,1,0(+1),0(+1),0(+1),0(+2),0(+2),0(+2),0(+1)
Unique,SC,,Rockfleece,1,1,1,1,1,1,0,0,0,0,0
Unique,SC,,Rockstopper,2,2,2,2,2,2,2,2,2,2,2
Unique,SC,,Rogue's Bow,1,1,1,1,0(+1),0(+1),1(+1),0(+1),0(+1),0(+1),0(+1)
Unique,SC,,Rune Master,1,2,2,2,0(+2),0(+2),0(+3),0(+2),0(+2),0(+2),0(+2)
Unique,SC,,Rusthandle,1,1,1,1,0(+2),0(+1),0(+1),0(+1),0(+1),0(+1),0(+1)
Unique,SC,,Sandstorm Trek,68,66,73,76,78,77,73,77,79,79,77
Unique,SC,,Saracen's Chance,10,10,10,9,8,8,7,6,6,6,6
Unique,SC,,Schaefer's Hammer,0,0,0,0,,0,0,0,0,0,0
Unique,SC,,Seraph's Hymn,34,31,33,34,33,34,35,34,32,32,32
Unique,SC,,Serpent Lord,1,1,1,1,1,1,1,1,1,1,1
Unique,SC,,Shadow Dancer,28,28,32,33,35,35,35,33,32,32,30
Unique,SC,,Shadow Killer,4,3,3,3,2(+1),2(+1),2(+1),2(+1),2(+1),2(+1),2(+1)
Unique,SC,,Shadowfang,0,0,0,0,,0,0,0,0,0,0
Unique,SC,,Shaftstop,4,5,6,5,5,5,5,7,5,5,4
Unique,SC,,Silks of the Victor,0,0,0,0,,0,0,0,0,0,0
Unique,SC,,Silkweave,189,187,192,200,207,208,212,212,214,214,215
Unique,SC,,Skewer of Krintiz,0,0,0,0,,0,0,0,0,0,0
Unique,SC,,Skin of the Flayed One,0,0,0,0,,0,0,0,0,0,0
Unique,SC,,Skin of the Vipermagi,173,159,160,160,162,161,163,165,164,164,164
Unique,SC,,Skull Collector,3,3,2,3,3,3,2,2,3,3,3
Unique,SC,,Skull Splitter,0,0,0,0,,0,0,0,0,0,0
Unique,SC,,Skullder's Ire,26,26,24,23,21,21,21,21,19,19,19
Unique,SC,,Skystrike,2,2,2,2,1(+1),1(+1),1(+1),1(+1),1(+1),1(+1),1(+1)
Unique,SC,,Snakecord,0,0,0,0,,0,0,0,0,0,0
Unique,SC,,Snowclash,8,8,6,7,7,7,8,8,7,7,7
Unique,SC,,Soul Drainer,34,34,39,39,40,39,39,41,40,40,39
Unique,SC,,Soul Harvest,0,0,0,1,0(+1),0(+1),0(+1),0(+1),0(+1),0(+1),0(+1)
Unique,SC,,Soulfeast Tine,0,0,0,0,,0,0,0,0,0,0
Unique,SC,,Soulflay,0,0,0,0,,0,0,0,0,0,0
Unique,SC,,Sparking Mail,0,0,0,0,,0,0,0,0,0,0
Unique,SC,,Spectral Shard,1,1,1,1,,0,0,0,0,0,0
Unique,SC,,Spellsteel,5,4,3,5,5,5,6,6,6,6,6
Unique,SC,,Spike Thorn,1,1,1,1,1,1,1,1,1,1,1
Unique,SC,,Spineripper,0,0,0,0,,0,0,0,0,0,0
Unique,SC,,Spire of Honor,1,1,0,0,,0,0,0(+1),0(+1),0(+1),0(+1)
Unique,SC,,Spire of Lazarus,2,2,2,2,1(+1),1(+1),1(+1),1(+1),1(+1),1(+1),1(+1)
Unique,SC,,Spirit Forge,0,0,0,0,,0,0,0,0,0,0
Unique,SC,,Spirit Keeper,2,1,1,1,1,1,1,1,1,1,1
Unique,SC,,Spirit Ward,1,2,3,3,3,4,4,3,3,3,3
Unique,SC,,Stealskull,3,2,2,2,2,1,1,1,1,1,1
Unique,SC,,Steel Carapace,2,2,1,1,1,1,1,2,2,2,2
Unique,SC,,Steel Pillar,0,0,0,0,,0,0,0,0,0,0
Unique,SC,,Steel Shade,3,4,4,4,4,4,3,3,3,3,3
Unique,SC,,Steelclash,0,0,1,0,,0,1,1,0,0,0
Unique,SC,,Steeldriver,0,0,0,0,,0,0,0,0,0,0
Unique,SC,,Steelgoad,0,0,0,0,,0,0,0,0,0,0
Unique,SC,,Steelrend,31,36,38,41,39,40,41,42,43,43,43
Unique,SC,,Stone Crusher,1,1,1,1,0(+1),0(+1),0(+1),0(+1),0(+1),0(+1),0(+1)
Unique,SC,,The Stone of Jordan,241,248,251,266,270,271,265,272,279,279,283
Unique,SC,,Stoneraven,0,0,0,0,,0,0,0,0,0,0
Unique,SC,,Stormchaser,1,1,1,1,1,1,1,1,1,1,1
Unique,SC,,Stormeye,1,1,1,1,0(+1),0(+1),0(+1),0(+1),0(+1),0(+1),0(+1)
Unique,SC,,Stormguild,0,0,0,0,,0,0,0,0,0,0
Unique,SC,,Stormlash,2,2,2,2,2,2,2,2,2,2,2
Unique,SC,,Stormrider,0,0,0,0,,0,0,0,0,0,0
Unique,SC,,Stormshield,118,118,121,123,127,127,137,137,138,138,141
Unique,SC,,Stormspike,1,1,1,1,0(+1),0(+1),0(+1),0(+1),0(+1),0(+1),0(+1)
Unique,SC,,Stormspire,0,0,0,0,,0,0,0,0,0,0
Unique,SC,,Stormstrike,0,0,0,0,,0,0,0,0,0,0
Unique,SC,,Stoutnail,0,0,0,0,,0,0,0,0,0,0(+1)
Unique,SC,,String of Ears,131,130,134,137,134,135,134,137,135,135,137
Unique,SC,,Suicide Branch,3,3,4,5,3(+2),2(+2),2(+2),1(+2),2(+2),2(+2),2(+2)
Unique,SC,,Sureshrill Frost,1,2,0,2,0(+2),0(+2),0(+2),0(+2),0(+2),0(+2),0(+2)
Unique,SC,,Swordback Hold,1,1,1,1,1,1,1,1,1,1,1
Unique,SC,,Swordguard,1,1,1,1,1,1,1,1,1,1,1
Unique,SC,,Tarnhelm,3,2,2,2,3,2,2,2,2,2,2
Unique,SC,,Tearhaunch,12,13,12,12,12,11,11,11,11,11,12
Unique,SC,,Templar's Might,4,3,5,6,6,6,5,3,4,4,7
Unique,SC,,The Atlantean,1,0,0,0,,0,0,0,0,0,0
Unique,SC,,The Battlebranch,0,0,0,0,,0,0,0,0,0,0(+1)
Unique,SC,,The Cat's Eye,61,63,67,66,64,65,67,71,73,73,69
Unique,SC,,The Centurion,0,0,0,0,,0,0,0,0,0,0
Unique,SC,,The Chieftain,0,0,0,0,,0,0,0,0,0,0
Unique,SC,,The Cranium Basher,3,4,3,3,3,2,2,3,5,5,5
Unique,SC,,The Diggler,0,0,0,1,0(+1),0(+1),0(+1),0(+1),0,0,1
Unique,SC,,The Dragon Chang,1,1,1,1,0(+1),0(+1),0(+1),0(+1),0(+1),0(+1),0(+1)
Unique,SC,,The Eye of Etlich,5,5,7,6,6,5,5,7,6,6,6
Unique,SC,,The Face of Horror,0,0,0,1,,0,1,0,0,0,1
Unique,SC,,The Fetid Sprinkler,1,1,2,2,1(+1),1(+1),1(+1),1(+1),1(+1),1(+1),1(+1)
Unique,SC,,The Gavel Of Pain,0,0,0,0,,0,0,0,0,0,0
Unique,SC,,The General's Tan Do Li Ga,0,0,0,0,,0,0,0,0,0,0
Unique,SC,,The Gladiator's Bane,6,7,9,11,11,11,11,8,8,8,8
Unique,SC,,The Gnasher,1,0,0,0,,0,0,0,0,0,0
Unique,SC,,The Grandfather,9,10,11,11,11,11,11,11,10,10,10
Unique,SC,,The Grim Reaper,0,0,0,0,,0,0,0,0,0,0
Unique,SC,,The Hand of Broc,0,0,0,0,,0,0,0,0,0,0
Unique,SC,,The Impaler,1,1,2,2,1(+1),1(+1),1(+1),1(+1),1(+1),1(+1),2(+1)
Unique,SC,,The Iron Jang Bong,4,4,4,4,2(+2),2(+2),2(+2),1(+2),1(+2),1(+2),1(+2)
Unique,SC,,The Jade Tan Do,1,1,2,2,1(+1),1(+1),1,1(+1),1(+1),1(+1),1(+1)
Unique,SC,,The Mahim-Oak Curio,2,2,1,1,1,1,1,1,1,1,1
Unique,SC,,The Meat Scraper,0,0,0,0,,0,0,0,0,0,0
Unique,SC,,The Minotaur,0,1,1,1,0(+1),0(+1),0(+1),0(+1),0(+1),0(+1),0(+1)
Unique,SC,,The Oculus,29,24,22,21,21,20,22,23,23,23,23
Unique,SC,,The Patriarch,0,0,0,0,,0,0,0,0,0,0
Unique,SC,,The Reaper's Toll,11,9,10,8,8,9,10,12,12,12,12
Unique,SC,,The Redeemer,2,2,2,2,1(+1),1(+1),1(+1),1(+1),1(+1),1(+1),1(+1)
Unique,SC,,The Rising Sun,2,1,1,1,2,2,2,2,2,2,2
Unique,SC,,The Salamander,0,0,0,0,,0,0,0,0,0,0
Unique,SC,,The Scalper,0,0,0,0,,0,0,0,0,0,0
Unique,SC,,The Spirit Shroud,2,2,2,1,1,0,1,0,0,0,0
Unique,SC,,The Tannr Gorerod,0,0,0,0,,0,0,0,0,0,0
Unique,SC,,The Vile Husk,0,0,0,0,,0,0,0,0,0,0
Unique,SC,,The Ward,10,10,10,9,9,9,9,9,9,9,9
Unique,SC,,Thundergod's Vigor,92,90,87,88,91,89,87,88,88,88,90
Unique,SC,,Thunderstroke,31,32,30,31,27(+3),26(+3),24(+3),25(+3),24(+3),24(+3),25(+3)
Unique,SC,,Tiamat's Rebuke,2,2,2,2,3,3,2,1,1,1,1
Unique,SC,,Titan's Revenge,53,53,52,50,45(+2),46(+2),47(+2),47(+2),44(+2),44(+2),45(+2)
Unique,SC,,Todesfaelle Flamme,4,4,2,2,1(+1),1(+1),1(+1),1(+1),2(+1),2(+1),2(+1)
Unique,SC,,Tomb Reaver,0,0,3,2,2,3(+1),2(+1),2(+1),3(+1),3(+1),2(+1)
Unique,SC,,Toothrow,0,0,0,0,,0,0,0,0,0,0
Unique,SC,,Torch of Iro,3,3,3,3,0(+3),0(+3),0(+2),0(+3),0(+3),0(+3),0(+3)
Unique,SC,,Treads of Cthon,0,0,0,0,,0,0,0,0,0,0
Unique,SC,,Twitchthroe,6,5,6,6,7,7,7,6,5,5,5
Unique,SC,,Tyrael's Might,7,7,8,8,9,9,9,9,8,8,8
Unique,SC,,Umbral Disk,0,0,0,0,,0,0,0,0,0,0
Unique,SC,,Ume's Lament,4,3,3,4,1(+3),1(+3),1(+3),0(+3),0(+4),0(+4),0(+4)
Unique,SC,,Undead Crown,0,0,0,0,,0,0,0,0,0,0
Unique,SC,,Valkyrie Wing,15,14,15,17,15,16,16,15,16,16,14
Unique,SC,,Vampire Gaze,19,20,22,20,20,20,20,20,19,19,19
Unique,SC,,Veil of Steel,1,1,1,1,1,1,1,1,1,1,1
Unique,SC,,Venom Grip,5,5,5,6,6,6,6,5,5,5,5
Unique,SC,,Venom Ward,0,0,0,0,,0,0,0,0,0,0
Unique,SC,,Verdungo's Hearty Cord,145,150,156,159,164,161,164,162,161,161,159
Unique,SC,,Viperfork,0,0,0,0,,0,0,0,0,0,0
Unique,SC,,Visceratuant,1,1,1,1,1,1,1,1,1,1,1
Unique,SC,,Wall of the Eyeless,2,2,1,1,1,1,1,1,1,1,1
Unique,SC,,War Traveler,260,265,275,279,279,278,278,273,281,281,280
Unique,SC,,Warlord's Trust,0,0,0,0,,0,0,0,0,0,1
Unique,SC,,Warpspear,35,40,45,48,48,47,50,52,52,52,53
Unique,SC,,Warshrike,6,5,6,8,7,7,8,8,9,9,9
Unique,SC,,Waterwalk,21,21,21,21,21,21,19,18,18,18,18
Unique,SC,,Widowmaker,2,2,2,2,2,2,2,3,2,2,2
Unique,SC,,Windforce,17,14,15,14,13(+2),13(+1),12(+2),11(+2),12(+2),12(+2),12(+2)
Unique,SC,,Windhammer,1,2,2,2,1,1,1,1,0,0,0
Unique,SC,,Wisp Projector,211,212,218,218,223,228,229,229,235,235,233
Unique,SC,,Witchwild String,4,5,3,2,0(+1),0(+1),0(+1),0(+1),0(+1),0(+1),0(+1)
Unique,SC,,Witherstring,0,0,0,0,,0,0,0,0,0,0
Unique,SC,,Wizardspike,9,9,11,11,10(+1),10(+1),10(+2),10(+2),10(+2),10(+2),10(+2)
Unique,SC,,Wizendraw,2,2,2,2,1(+1),1(+1),1(+1),2(+1),2(+1),2(+1),2(+1)
Unique,SC,,Woestave,0,0,0,0,,0,0,0,0,0,0
Unique,SC,,Wolfhowl,5,4,4,5,5,5,5,5,5,5,5
Unique,SC,,Wormskull,0,0,0,0,,0,0,0,0,0,0
Unique,SC,,Wraith Flight,0,0,0,0,,0,1,1,1,0,0(+2)
Unique,SC,,Zakarum's Hand,2,2,2,2,1(+1),1(+1),1(+1),2(+1),2(+1),2(+1),2(+1)
Set,SC,,Angelic Sickle,0,0,0,0,,0,0,0,0,0,0
Set,SC,,Angelic Mantle,1,1,0,0,,0,0,0,0,0,1
Set,SC,,Angelic Halo,104,99,98,99,91,87,87,84,80,80,81
Set,SC,,Angelic Wings,64,61,62,63,58,56,56,55,52,52,53
Set,SC,,Arcanna's Sign,0,0,0,0,,0,0,0,0,0,0
Set,SC,,Arcanna's Deathwand,0,0,0,0,,0,0,0,0,0,0
Set,SC,,Arcanna's Head,0,0,0,0,,0,0,0,0,0,0
Set,SC,,Arcanna's Flesh,0,0,0,0,,0,0,0,0,0,0
Set,SC,,Arctic Furs,0,0,0,0,,0,0,0,0,0,0
Set,SC,,Arctic Binding,0,0,0,0,,0,1,0,0,0,0
Set,SC,,Arctic Mitts,1,1,1,1,,0,1,0,0,0,0
Set,SC,,Arctic Horn,0,0,0,0,,0,1,0,0,0,0
Set,SC,,Berserker's Headgear,0,0,0,0,,0,0,0,0,0,0
Set,SC,,Berserker's Hauberk,0,0,0,0,,0,1,0,0,0,0
Set,SC,,Berserker's Hatchet,0,0,0,0,,0,1,0,0,0,0
Set,SC,,Cathan's Rule,0,0,0,0,,0,0,0,0,0,0
Set,SC,,Cathan's Mesh,0,0,0,0,,0,0,0,0,0,0
Set,SC,,Cathan's Visage,0,0,0,0,,0,1,0,0,0,0
Set,SC,,Cathan's Sigil,0,0,0,0,,0,0,0,0,0,0
Set,SC,,Cathan's Seal,2,2,2,2,2,2,2,2,2,2,2
Set,SC,,Civerb's Ward,1,1,1,1,1,1,1,1,1,1,1
Set,SC,,Civerb's Icon,0,0,0,0,,0,0,0,0,0,0
Set,SC,,Civerb's Cudgel,1,1,1,1,1,1,1,1,1,1,1
Set,SC,,Cleglaw's Tooth,0,0,0,0,,0,0,0,0,0,0
Set,SC,,Cleglaw's Claw,2,2,2,2,2,2,2,2,1,1,1
Set,SC,,Cleglaw's Pincers,2,2,1,1,1,2,2,2,2,2,2
Set,SC,,Death's Hand,2,3,3,3,3,2,2,2,2,2,2
Set,SC,,Death's Touch,0,0,0,0,,0,0,0,0,0,0
Set,SC,,Death's Guard,2,2,2,2,1,1,1,1,1,1,1
Set,SC,,Hsarus' Iron Heel,2,2,2,2,2,2,2,2,2,2,2
Set,SC,,Hsarus' Iron Fist,0,0,0,0,,0,0,0,0,0,0
Set,SC,,Hsarus' Iron Stay,2,2,2,2,2,2,2,2,2,2,2
Set,SC,,Infernal Cranium,0,0,0,0,,0,0,0,0,0,0
Set,SC,,Infernal Torch,0,0,0,0,,0,0,0,0,0,0
Set,SC,,Infernal Sign,0,0,0,0,,0,0,0,0,0,0
Set,SC,,Iratha's Collar,0,0,0,0,,0,0,0,0,0,0
Set,SC,,Iratha's Cuff,0,0,0,0,,0,0,0,0,0,0
Set,SC,,Iratha's Coil,0,0,0,0,,0,0,0,0,0,0
Set,SC,,Iratha's Cord,0,0,0,0,,0,0,0,0,0,0
Set,SC,,Isenhart's Lightbrand,0,0,0,0,,0,0,0,0,0,0
Set,SC,,Isenhart's Parry,0,0,0,0,,0,0,0,0,0,0
Set,SC,,Isenhart's Case,0,0,0,0,,0,0,0,0,0,0
Set,SC,,Isenhart's Horns,0,0,0,0,,0,0,0,0,0,0
Set,SC,,Milabrega's Orb,10,10,9,9,9,9,10,7,7,7,7
Set,SC,,Milabrega's Rod,2,2,2,1,1,1,1,1,1,1,1
Set,SC,,Milabrega's Diadem,0,0,0,0,,0,0,0,0,0,0
Set,SC,,Milabrega's Robe,0,0,0,0,,0,0,0,0,0,0
Set,SC,,Sigon's Visor,2,1,1,1,1,1,1,1,1,1,1
Set,SC,,Sigon's Shelter,2,1,1,1,1,1,1,1,1,1,1
Set,SC,,Sigon's Gage,2,1,1,1,1,1,1,1,1,1,1
Set,SC,,Sigon's Sabot,1,0,0,0,1,0,1,0,0,0,0
Set,SC,,Sigon's Wrap,3,2,2,4,5,5,4,4,4,4,4
Set,SC,,Sigon's Guard,9,7,8,7,8,7,8,8,8,8,8
Set,SC,,Tancred's Spine,0,0,0,0,,0,0,0,0,0,0
Set,SC,,Tancred's Crowbill,0,0,0,0,,0,0,0,0,0,0
Set,SC,,Tancred's Hobnails,2,1,1,2,1,1,2,2,2,2,2
Set,SC,,Tancred's Weird,0,0,0,0,,0,0,0,0,0,0
Set,SC,,Tancred's Skull,0,0,0,0,,0,0,0,0,0,0
Set,SC,,Vidala's Barb,0,0,0,0,,0,0,0,0,0,0
Set,SC,,Vidala's Fetlock,8,8,12,12,12,12,9,11,9,9,9
Set,SC,,Vidala's Ambush,0,0,0,0,,0,0,0,0,0,0
Set,SC,,Vidala's Snare,4,4,5,5,5,5,3,2,2,2,3
Set,SC,,Bul-Kathos' Sacred Charge,3,3,3,3,3,3,2,2,2,2,2
Set,SC,,Bul-Kathos' Tribal Guardian,3,3,3,2,2,2,2,2,2,2,2
Set,SC,,Cow King's Horns,0,0,0,0,,0,0,0,0,0,0
Set,SC,,Cow King's Hide,0,0,0,0,,0,0,0,0,0,0
Set,SC,,Cow King's Hooves,4,4,4,4,4,4,4,4,3,3,3
Set,SC,,Dangoon's Teaching,0,0,0,0,,0,0,0,0,0,2
Set,SC,,Taebaek's Glory,0,0,0,0,,0,0,0,0,0,0
Set,SC,,Haemosu's Adamant,0,0,0,0,,0,0,0,0,0,0
Set,SC,,Ondal's Almighty,3,3,3,3,3,3,3,3,3,3,3
Set,SC,,Hwanin's Splendor,0,0,0,0,,0,0,1,0,0,0
Set,SC,,Hwanin's Refuge,0,0,0,0,,0,0,0,0,0,0
Set,SC,,Hwanin's Blessing,0,0,0,0,,0,0,0,0,0,0
Set,SC,,Hwanin's Justice,0,0,0,0,,0,0,0,0,0,0
Set,SC,,Naj's Puzzler,45,42,40,39,42,41,39,37,37,37,39
Set,SC,,Naj's Light Plate,17,15,14,14,13,14,14,14,13,13,13
Set,SC,,Naj's Circlet,1,1,0,0,,0,0,0,0,0,0
Set,SC,,Guillaume's Face,34,38,41,39,39,39,38,42,41,41,42
Set,SC,,Wilhelm's Pride,1,1,3,2,3,3,3,4,4,4,4
Set,SC,,Magnus' Skin,2,2,4,3,3,3,3,3,3,3,3
Set,SC,,Whitstan's Guard,1,1,1,1,1,1,1,1,1,1,1
Set,SC,,Sander's Paragon,0,0,0,0,,0,0,0,0,0,0
Set,SC,,Sander's Riprap,9,9,10,7,8,7,7,7,6,6,7
Set,SC,,Sander's Taboo,0,0,1,1,,0,1,0,0,0,1
Set,SC,,Sander's Superstition,0,0,0,0,,0,0,0,0,0,0
Set,SC,,Sazabi's Cobalt Redeemer,0,0,0,0,,0,0,0,0,0,1
Set,SC,,Sazabi's Ghost Liberator,0,0,0,0,,0,0,0,0,0,1
Set,SC,,Sazabi's Mental Sheath,4,3,3,3,2,2,2,2,2,2,2
Set,SC,,Telling of Beads,1,1,1,1,1,1,1,1,1,1,1
Set,SC,,Laying of Hands,222,213,212,218,217,221,214,210,209,209,209
Set,SC,,Rite of Passage,2,2,1,1,1,1,1,1,1,1,1
Set,SC,,Dark Adherent,3,3,2,2,1,1,1,1,1,1,1
Set,SC,,Credendum,20,16,16,16,15,15,15,15,14,14,14
Set,SC,,Aldur's Stony Gaze,2,2,2,2,2,2,2,3,3,3,3
Set,SC,,Aldur's Deception,3,3,3,2,2,2,2,3,3,3,3
Set,SC,,Aldur's Rhythm,4,3,3,3,3,3,3,4,4,4,4
Set,SC,,Aldur's Advance,198,194,185,185,180,176,179,174,175,175,174
Set,SC,,Griswold's Valor,3,3,2,2,2,2,2,3,2,2,2
Set,SC,,Griswold's Heart,2,2,2,2,2,2,2,3,2,2,2
Set,SC,,Griswold's Redemption,1,1,1,1,1,1,1,2,1,1,1
Set,SC,,Griswold's Honor,2,2,2,2,2,2,2,3,2,2,2
Set,SC,,Immortal King's Will,39,38,36,34,31,31,31,31,31,31,31
Set,SC,,Immortal King's Soul Cage,34,32,30,29,26,26,26,25,24,24,25
Set,SC,,Immortal King's Detail,64,61,63,60,57,56,55,49,49,49,49
Set,SC,,Immortal King's Forge,53,49,46,44,41,40,39,37,36,36,36
Set,SC,,Immortal King's Pillar,49,46,45,44,40,40,39,38,37,37,38
Set,SC,,Immortal King's Stone Crusher,35,34,34,33,30,29,29,27,26,26,27
Set,SC,,M'avina's True Sight,17,10,13,11,11,11,11,11,12,12,12
Set,SC,,M'avina's Embrace,15,10,12,10,11,11,12,12,12,12,12
Set,SC,,M'avina's Icy Clutch,14,9,11,9,9,9,9,9,10,10,10
Set,SC,,M'avina's Tenet,31,27,27,25,23,22,21,21,22,22,21
Set,SC,,M'avina's Caster,13,6,9,7,7,7,7,7,8,8,7
Set,SC,,Natalya's Totem,72,72,73,73,74,76,69,69,70,70,70
Set,SC,,Natalya's Mark,78,79,82,80,83,85,77,77,78,78,78
Set,SC,,Natalya's Shadow,72,72,73,73,75,77,70,69,70,70,69
Set,SC,,Natalya's Soul,123,121,118,118,121,124,115,117,114,114,111
Set,SC,,Tal Rasha's Fine-Spun Cloth,89,88,84,81,77,78,73,75,72,72,71
Set,SC,,Tal Rasha's Adjudication,73,74,74,75,74,76,74,75,76,76,73
Set,SC,,Tal Rasha's Lidless Eye,45,48,49,48,47,46,44,44,43,43,42
Set,SC,,Tal Rasha's Guardianship,86,89,88,87,82,83,83,84,81,81,78
Set,SC,,Tal Rasha's Horadric Crest,73,78,75,75,72,71,69,68,65,65,64
Set,SC,,Trang-Oul's Guise,39,38,41,41,44,43,43,41,42,42,40
Set,SC,,Trang-Oul's Scales,42,41,44,44,46,45,45,42,43,43,41
Set,SC,,Trang-Oul's Wing,41,39,41,43,45,44,44,42,43,43,41
Set,SC,,Trang-Oul's Claws,304,300,299,298,301,300,298,291,292,292,288
Set,SC,,Trang-Oul's Girth,57,56,60,59,60,59,58,56,56,56,54
Runeword,SC,,Ancients' Pledge,12,11,12,10,9,9,9,8,8,8,8
Runeword,SC,,Beast,6,6,6,8,8,8,8,9,11,11,10
Runeword,SC,,Black,3,4,4,4,3,3,3,4,4,4,4
Runeword,SC,,Bone,23,23,24,24,23,23,22,22,24,24,24
Runeword,SC,,Bramble,17,20,22,23,26,26,23,22,21,21,22
Runeword,SC,,Brand,0,0,0,0,,0,1,1,1,1,1
Runeword,SC,,Breath of the Dying,67,65,63,65,65,64,65,65,66,66,67
Runeword,SC,,Bulwark,0,0,0,0,,0,0,0,0,0,0
Runeword,SC,,Call To Arms,0,0,0,0,,0,0,0,0,0,0
Runeword,SC,,Chains of Honor,54,60,69,71,71,72,74,73,74,74,71
Runeword,SC,,Chaos,5,6,9,10,9,10,10,9,9,9,9
Runeword,SC,,Crescent Moon,3,2,2,1,2,2,3,3,2,2,2
Runeword,SC,,Cure,0,0,0,0,,0,0,0,0,0,0
Runeword,SC,,Death,7,7,5,7,7,7,9,7,7,7,7
Runeword,SC,,Delirium,0,0,0,0,,0,0,0,0,0,0
Runeword,SC,,Destruction,0,0,0,0,,0,0,0,0,0,1
Runeword,SC,,Doom,8,8,7,6,7,9,7,6,6,6,6
Runeword,SC,,Dragon,14,16,22,24,24,25,28,26,27,27,29
Runeword,SC,,Dream,5,6,7,12,13,12,12,11,11,11,11
Runeword,SC,,Duress,7,7,7,6,6,6,6,6,6,6,6
Runeword,SC,,Edge,55,56,58,60,60,57,55,56,56,56,57
Runeword,SC,,Enigma,251,252,249,265,269,266,267,271,275,275,277
Runeword,SC,,Enlightenment,1,1,1,1,1,1,1,1,1,1,1
Runeword,SC,,Eternity,2,2,3,3,2,2,2,2,2,2,2
Runeword,SC,,Exile,9,7,8,8,9,9,9,10,10,10,11
Runeword,SC,,Faith,60,63,61,61,62,62,61,57,56,56,56
Runeword,SC,,Famine,0,0,0,0,,0,0,0,0,0,0
Runeword,SC,,Flickering Flame,0,0,1,1,1,0,0,0,1,1,1
Runeword,SC,,Fortitude,162,164,165,165,165,167,168,163,165,165,165
Runeword,SC,,Fury,0,0,0,0,1,1,1,1,1,1,1
Runeword,SC,,Gloom,0,0,0,0,,0,0,0,0,0,0
Runeword,SC,,Grief,50,57,58,58,60,61,63,65,63,63,65
Runeword,SC,,Ground,0,0,0,0,,0,0,0,0,0,1
Runeword,SC,,Hand of Justice,8,8,12,13,13,15,14,13,15,15,15
Runeword,SC,,Harmony,37,35,37,41,41,40,40,40,37,37,37
Runeword,SC,,Heart of the Oak,302,309,313,321,334,330,329,330,337,337,332
Runeword,SC,,Hearth,0,0,0,0,,0,0,0,0,0,0
Runeword,SC,,Holy Thunder,49,49,48,45,46,46,44,43,44,44,43
Runeword,SC,,Honor,0,0,0,0,,0,0,0,0,0,0
Runeword,SC,,Hustle,3,3,3,3,2,1,2,3,3,3,2
Runeword,SC,,Ice,15,20,22,22,23,23,24,24,25,25,24
Runeword,SC,,Infinity,1,0,0,1,1,2,2,2,4,4,2
Runeword,SC,,Insight,2,0,0,1,1,0,0,0,1,0,0
Runeword,SC,,King's Grace,0,0,0,0,,0,1,0,0,0,0
Runeword,SC,,Kingslayer,0,1,0,0,,0,0,0,1,0,0
Runeword,SC,,Last Wish,6,9,8,10,9,10,9,9,9,9,10
Runeword,SC,,Lawbringer,4,4,6,7,5,5,5,5,5,5,5
Runeword,SC,,Leaf,2,1,1,1,1,1,1,1,1,1,1
Runeword,SC,,Lionheart,1,1,1,2,1,1,1,1,2,2,1
Runeword,SC,,Lore,12,12,12,12,10,8,9,8,8,8,8
Runeword,SC,,Malice,0,0,0,0,,0,0,0,0,0,0
Runeword,SC,,Melody,0,0,0,0,,0,0,0,0,0,0
Runeword,SC,,Memory,29,31,35,39,39,41,40,37,38,38,39
Runeword,SC,,Metamorphosis,33,35,36,37,40,40,41,41,41,41,41
Runeword,SC,,Mist,2,3,4,4,4,4,5,4,4,4,4
Runeword,SC,,Mosaic,21,22,27,28,30,29,28,26,25,25,23
Runeword,SC,,Myth,3,4,3,3,3,3,3,3,3,3,3
Runeword,SC,,Nadir,0,0,0,0,,0,0,0,0,0,0
Runeword,SC,,Oath,7,7,6,6,6,6,6,5,5,5,5
Runeword,SC,,Obedience,4,3,4,4,4,4,4,4,4,4,4
Runeword,SC,,Obsession,0,0,0,0,,0,0,0,0,0,0
Runeword,SC,,Passion,0,0,0,0,,0,0,0,0,0,0
Runeword,SC,,Pattern,3,2,2,2,2,2,3,2,2,2,2
Runeword,SC,,Peace,8,8,8,8,7,7,6,6,5,5,5
Runeword,SC,,Phoenix,152,159,164,170,176,174,180,183,187,187,187
Runeword,SC,,Plague,82,85,85,85,87,86,89,98,101,101,101
Runeword,SC,,Pride,0,0,0,0,,0,0,0,0,0,0
Runeword,SC,,Principle,2,2,1,1,1,0,1,1,0,0,1
Runeword,SC,,Prudence,1,1,1,1,1,1,1,1,1,1,1
Runeword,SC,,Radiance,0,0,0,0,,0,0,0,0,0,0
Runeword,SC,,Rain,46,42,44,43,42,42,41,39,40,40,40
Runeword,SC,,Rhyme,22,22,21,20,15,15,15,13,12,12,12
Runeword,SC,,Rift,0,0,0,0,,0,0,0,0,0,0
Runeword,SC,,Sanctuary,0,0,0,0,,0,1,1,0,0,0
Runeword,SC,,Silence,56,57,53,55,55,58,60,58,57,57,57
Runeword,SC,,Smoke,14,14,11,9,10,10,9,9,9,9,9
Runeword,SC,,Spirit,775,749,735,725,706,700,688,679,680,680,673
Runeword,SC,,Splendor,10,9,8,6,6,6,6,7,7,7,7
Runeword,SC,,Stealth,9,6,6,5,4,3,3,4,4,4,4
Runeword,SC,,Steel,0,0,0,0,,0,0,0,0,0,0
Runeword,SC,,Stone,1,1,1,1,1,1,1,1,1,1,1
Runeword,SC,,Strength,1,1,2,2,2,2,2,2,2,2,2
Runeword,SC,,Temper,0,0,0,0,,0,0,0,0,0,0
Runeword,SC,,Treachery,33,31,34,35,35,35,36,35,34,34,33
Runeword,SC,,Unbending Will,2,1,1,1,1,1,1,1,1,1,1
Runeword,SC,,Venom,0,0,0,0,,0,0,0,0,0,0
Runeword,SC,,Voice of Reason,0,0,0,0,,0,0,0,0,0,0
Runeword,SC,,Wealth,1,1,2,1,1,2,2,2,2,2,2
Runeword,SC,,White,2,3,6,6,7,6,6,4,5,5,7
Runeword,SC,,Wind,0,0,0,0,,0,0,0,0,0,0
Runeword,SC,,Wisdom,3,2,2,2,2,2,3,2,2,2,2
Runeword,SC,,Wrath,1,1,1,1,1,1,1,1,1,1,1
Runeword,SC,,Zephyr,0,0,0,0,,0,0,0,0,0,0
Runeword,SC,,Call to Arms,248,265,268,276,282,280,285,289,292,292,295
Unique,SC,,Frostbite,2,2,2,2,2,2,3,2,1,1,1
Unique,SC,,Herald of Zakarum,45,49,48,50,51,53,50,49,52,52,53
Unique,SC,,Swiftheart,5,6,6,6,6,6,5,5,5,5,6
Unique,SC,,Blade of Ali Baba,31,28,26,26,26(+2),25(+2),22(+2),19(+2),23(+2),23(+2),21(+2)
Unique,SC,,Hailstorm,16,17,15,15,16,16,17,15,16,16,15
Unique,SC,,Moonfire,12,12,11,11,12,13,13,13,13,13,13
Unique,SC,,Dragonbreath,7,6,6,6,6,6,6,7,7,7,7
Runeword,SC,,2693,4,4,5,6,7,7,8,7,7,7,7
Unique,SC,,FrostbiteB,1,1,2,3,2,2,2,2,2,2,2
Runeword,SC,,-26,1,2,2,2,2,2,1,1,1,1,1
Mercenary,SC,,Treachery,0,0,0,0,252,0,0,0,0,0,0
Mercenary,SC,,Vampire Gaze,0,0,0,0,157,0,0,0,0,0,0
Mercenary,SC,,Insight,0,0,0,0,241,0,0,0,0,0,0
Mercenary,SC,,Steel Shade,0,0,0,0,273,0,0,0,0,0,0
Mercenary,SC,,Doom,0,0,0,0,20,0,0,0,0,0,0
Mercenary,SC,,Tal Rasha's Horadric Crest,0,0,0,0,261,0,0,0,0,0,0
Mercenary,SC,,Harmony,0,0,0,0,42,0,0,0,0,0,0
Mercenary,SC,,Shaftstop,0,0,0,0,149,0,0,0,0,0,0
Mercenary,SC,,Infinity,0,0,0,0,338,0,0,0,0,0,0
Mercenary,SC,,The Gladiator's Bane,0,0,0,0,85,0,0,0,0,0,0
Mercenary,SC,,The Reaper's Toll,0,0,0,0,99,0,0,0,0,0,0
Mercenary,SC,,Andariel's Visage,0,0,0,0,166,0,0,0,0,0,0
Mercenary,SC,,Fortitude,0,0,0,0,226,0,0,0,0,0,0
Mercenary,SC,,Blackhorn's Face,0,0,0,0,9,0,0,0,0,0,0
Mercenary,SC,,Guardian Angel,0,0,0,0,38,0,0,0,0,0,0
Mercenary,SC,,Kira's Guardian,0,0,0,0,15,0,0,0,0,0,0
Mercenary,SC,,Lawbringer,0,0,0,0,87,0,0,0,0,0,0
Mercenary,SC,,Plague,0,0,0,0,34,0,0,0,0,0,0
Mercenary,SC,,Phoenix,0,0,0,0,8,0,0,0,0,0,0
Mercenary,SC,,Hustle,0,0,0,0,9,0,0,0,0,0,0
Mercenary,SC,,Silence,0,0,0,0,44,0,0,0,0,0,0
Mercenary,SC,,Griffon's Eye,0,0,0,0,2,0,0,0,0,0,0
Mercenary,SC,,Skin of the Vipermagi,0,0,0,0,10,0,0,0,0,0,0
Mercenary,SC,,Azurewrath,0,0,0,0,8,0,0,0,0,0,0
Mercenary,SC,,Spirit,0,0,0,0,33,0,0,0,0,0,0
Mercenary,SC,,Black Hades,0,0,0,0,7,0,0,0,0,0,0
Mercenary,SC,,Leviathan,0,0,0,0,71,0,0,0,0,0,0
Mercenary,SC,,Sazabi's Mental Sheath,0,0,0,0,3,0,0,0,0,0,0
Mercenary,SC,,Bonehew,0,0,0,0,13,0,0,0,0,0,0
Mercenary,SC,,Breath of the Dying,0,0,0,0,8,0,0,0,0,0,0
Mercenary,SC,,Naj's Light Plate,0,0,0,0,14,0,0,0,0,0,0
Mercenary,SC,,Stormshield,0,0,0,0,21,0,0,0,0,0,0
Mercenary,SC,,Culwen's Point,0,0,0,0,5,0,0,0,0,0,0
Mercenary,SC,,Gerke's Sanctuary,0,0,0,0,7,0,0,0,0,0,0
Mercenary,SC,,Duriel's Shell,0,0,0,0,89,0,0,0,0,0,0
Mercenary,SC,,Faith,0,0,0,0,6,0,0,0,0,0,0
Mercenary,SC,,Bulwark,0,0,0,0,11,0,0,0,0,0,0
Mercenary,SC,,Crown of Ages,0,0,0,0,21,0,0,0,0,0,0
Mercenary,SC,,Harlequin Crest,0,0,0,0,8,0,0,0,0,0,0
Mercenary,SC,,Tyrael's Might,0,0,0,0,2,0,0,0,0,0,0
Mercenary,SC,,Arkaine's Valor,0,0,0,0,6,0,0,0,0,0,0
Mercenary,SC,,Pride,0,0,0,0,8,0,0,0,0,0,0
Mercenary,SC,,The Ward,0,0,0,0,5,0,0,0,0,0,0
Mercenary,SC,,Crown of Thieves,0,0,0,0,46,0,0,0,0,0,0
Mercenary,SC,,The Grandfather,0,0,0,0,14,0,0,0,0,0,0
Mercenary,SC,,Hearth,0,0,0,0,5,0,0,0,0,0,0
Mercenary,SC,,Twitchthroe,0,0,0,0,4,0,0,0,0,0,0
Mercenary,SC,,Buriza-Do Kyanon,0,0,0,0,8,0,0,0,0,0,0
Mercenary,SC,,Guillaume's Face,0,0,0,0,21,0,0,0,0,0,0
Mercenary,SC,,Last Wish,0,0,0,0,3,0,0,0,0,0,0
Mercenary,SC,,Steel Carapace,0,0,0,0,7,0,0,0,0,0,0
Mercenary,SC,,Obedience,0,0,0,0,39,0,0,0,0,0,0
Mercenary,SC,,Dream,0,0,0,0,6,0,0,0,0,0,0
Mercenary,SC,,Skin of the Flayed One,0,0,0,0,10,0,0,0,0,0,0
Mercenary,SC,,Crescent Moon,0,0,0,0,1,0,0,0,0,0,0
Mercenary,SC,,Chains of Honor,0,0,0,0,5,0,0,0,0,0,0
Mercenary,SC,,Tiamat's Rebuke,0,0,0,0,1,0,0,0,0,0,0
Mercenary,SC,,Fiendra Brow,0,0,0,0,1,0,0,0,0,0,0
Mercenary,SC,,Smoke,0,0,0,0,22,0,0,0,0,0,0
Mercenary,SC,,Scale Mail of Thorns,0,0,0,0,1,0,0,0,0,0,0
Mercenary,SC,,Demon Crest,0,0,0,0,1,0,0,0,0,0,0
Mercenary,SC,,Dimoak's Hew,0,0,0,0,1,0,0,0,0,0,0
Mercenary,SC,,Templar's Might,0,0,0,0,1,0,0,0,0,0,0
Mercenary,SC,,Natalya's Totem,0,0,0,0,9,0,0,0,0,0,0
Mercenary,SC,,Flamebellow,0,0,0,0,2,0,0,0,0,0,0
Mercenary,SC,,Corpsemourn,0,0,0,0,3,0,0,0,0,0,0
Mercenary,SC,,Duress,0,0,0,0,7,0,0,0,0,0,0
Mercenary,SC,,Enigma,0,0,0,0,1,0,0,0,0,0,0
Mercenary,SC,,Windforce,0,0,0,0,1,0,0,0,0,0,0
Mercenary,SC,,Grief,0,0,0,0,1,0,0,0,0,0,0
Mercenary,SC,,Oath,0,0,0,0,2,0,0,0,0,0,0
Mercenary,SC,,Headstriker,0,0,0,0,5,0,0,0,0,0,0
Mercenary,SC,,Giant Skull,0,0,0,0,8,0,0,0,0,0,0
Mercenary,SC,,Hwanin's Splendor,0,0,0,0,3,0,0,0,0,0,0
Mercenary,SC,,Unbending Will,0,0,0,0,4,0,0,0,0,0,0
Mercenary,SC,,Duskdeep,0,0,0,0,5,0,0,0,0,0,0
Mercenary,SC,,Arreat's Face,0,0,0,0,11,0,0,0,0,0,0
Mercenary,SC,,Sigon's Guard,0,0,0,0,2,0,0,0,0,0,0
Mercenary,SC,,Arioc's Needle,0,0,0,0,3,0,0,0,0,0,0
Mercenary,SC,,Ondal's Almighty,0,0,0,0,2,0,0,0,0,0,0
Mercenary,SC,,Tal Rasha's Guardianship,0,0,0,0,8,0,0,0,0,0,0
Mercenary,SC,,Stealskull,0,0,0,0,15,0,0,0,0,0,0
Mercenary,SC,,Passion,0,0,0,0,1,0,0,0,0,0,0
Mercenary,SC,,Rockfleece,0,0,0,0,6,0,0,0,0,0,0
Mercenary,SC,,Griswold's Valor,0,0,0,0,1,0,0,0,0,0,0
Mercenary,SC,,Stone,0,0,0,0,9,0,0,0,0,0,0
Mercenary,SC,,Tomb Reaver,0,0,0,0,21,0,0,0,0,0,0
Mercenary,SC,,Holocaust Circlet,0,0,0,0,1,0,0,0,0,0,0
Mercenary,SC,,Lidless Wall,0,0,0,0,2,0,0,0,0,0,0
Mercenary,SC,,Veil of Steel,0,0,0,0,6,0,0,0,0,0,0
Mercenary,SC,,Silks of the Victor,0,0,0,0,2,0,0,0,0,0,0
Mercenary,SC,,Gloom,0,0,0,0,2,0,0,0,0,0,0
Mercenary,SC,,Destruction,0,0,0,0,1,0,0,0,0,0,0
Mercenary,SC,,Toothrow,0,0,0,0,5,0,0,0,0,0,0
Mercenary,SC,,Blade of Ali Baba,0,0,0,0,2,0,0,0,0,0,0
Mercenary,SC,,Sazabi's Ghost Liberator,0,0,0,0,1,0,0,0,0,0,0
Mercenary,SC,,Sazabi's Cobalt Redeemer,0,0,0,0,1,0,0,0,0,0,0
Mercenary,SC,,M'avina's True Sight,0,0,0,0,1,0,0,0,0,0,0
Mercenary,SC,,2693,0,0,0,0,2,0,0,0,0,0,0
Mercenary,SC,,Blackoak Shield,0,0,0,0,2,0,0,0,0,0,0
Mercenary,SC,,Bramble,0,0,0,0,3,0,0,0,0,0,0
Mercenary,SC,,Arctic Furs,0,0,0,0,1,0,0,0,0,0,0
Mercenary,SC,,Arctic Horn,0,0,0,0,1,0,0,0,0,0,0
Mercenary,SC,,Prudence,0,0,0,0,1,0,0,0,0,0,0
Mercenary,SC,,Pus Spitter,0,0,0,0,1,0,0,0,0,0,0
Mercenary,SC,,Edge,0,0,0,0,1,0,0,0,0,0,0
Mercenary,SC,,Cruel Visor,0,0,0,0,1,0,0,0,0,0,0
Mercenary,SC,,Hard Leather Armor of Thorns,0,0,0,0,1,0,0,0,0,0,0
Mercenary,SC,,Storm Quill,0,0,0,0,1,0,0,0,0,0,0
Mercenary,SC,,Bloodletter,0,0,0,0,1,0,0,0,0,0,0
Mercenary,SC,,Hailstone Shell,0,0,0,0,1,0,0,0,0,0,0
Mercenary,SC,,Plague Bearer,0,0,0,0,2,0,0,0,0,0,0
Mercenary,SC,,Moser's Blessed Circle,0,0,0,0,2,0,0,0,0,0,0
Mercenary,SC,,Death Hide,0,0,0,0,1,0,0,0,0,0,0
Mercenary,SC,,Isenhart's Horns,0,0,0,0,2,0,0,0,0,0,0
Mercenary,SC,,Razortine,0,0,0,0,1,0,0,0,0,0,0
Mercenary,SC,,Lionheart,0,0,0,0,6,0,0,0,0,0,0
Mercenary,SC,,Rattlecage,0,0,0,0,3,0,0,0,0,0,0
Mercenary,SC,,Rockstopper,0,0,0,0,8,0,0,0,0,0,0
Mercenary,SC,,Spirit Brow,0,0,0,0,1,0,0,0,0,0,0
Mercenary,SC,,Naj's Circlet,0,0,0,0,6,0,0,0,0,0,0
Mercenary,SC,,Cap,0,0,0,0,2,0,0,0,0,0,0
Mercenary,SC,,Swordguard,0,0,0,0,3,0,0,0,0,0,0
Mercenary,SC,,Darkglow,0,0,0,0,3,0,0,0,0,0,0
Mercenary,SC,,Cathan's Visage,0,0,0,0,1,0,0,0,0,0,0
Mercenary,SC,,Holocaust Hood,0,0,0,0,1,0,0,0,0,0,0
Mercenary,SC,,Undead Crown,0,0,0,0,3,0,0,0,0,0,0
Mercenary,SC,,Spetum of the Leech,0,0,0,0,1,0,0,0,0,0,0
Mercenary,SC,,Atma's Wail,0,0,0,0,1,0,0,0,0,0,0
Mercenary,SC,,Trang-Oul's Scales,0,0,0,0,2,0,0,0,0,0,0
Mercenary,SC,,Stone Crest,0,0,0,0,1,0,0,0,0,0,0
Mercenary,SC,,Goldskin,0,0,0,0,7,0,0,0,0,0,0
Mercenary,SC,,Iron Pelt,0,0,0,0,1,0,0,0,0,0,0
Mercenary,SC,,Steel Pillar,0,0,0,0,2,0,0,0,0,0,0
Mercenary,SC,,Death Mask,0,0,0,0,1,0,0,0,0,0,0
Mercenary,SC,,Immortal King's Soul Cage,0,0,0,0,1,0,0,0,0,0,0
Mercenary,SC,,Hard Leather Armor,0,0,0,0,1,0,0,0,0,0,0
Mercenary,SC,,Short Bow,0,0,0,0,1,0,0,0,0,0,0
Mercenary,SC,,Viperfork,0,0,0,0,3,0,0,0,0,0,0
Mercenary,SC,,Griswold's Heart,0,0,0,0,7,0,0,0,0,0,0
Mercenary,SC,,Lore,0,0,0,0,1,0,0,0,0,0,0
Mercenary,SC,,Todesfaelle Flamme,0,0,0,0,4,0,0,0,0,0,0
Mercenary,SC,,Spirit Hood,0,0,0,0,1,0,0,0,0,0,0
Mercenary,SC,,Holocaust Casque,0,0,0,0,1,0,0,0,0,0,0
Mercenary,SC,,Spirit Forge,0,0,0,0,2,0,0,0,0,0,0
Mercenary,SC,,Corpse Scratch,0,0,0,0,1,0,0,0,0,0,0
Mercenary,SC,,Lightsabre,0,0,0,0,2,0,0,0,0,0,0
Mercenary,SC,,War Hat,0,0,0,0,1,0,0,0,0,0,0
Mercenary,SC,,Hailstone Cowl,0,0,0,0,1,0,0,0,0,0,0
Mercenary,SC,,Raven Cloak,0,0,0,0,1,0,0,0,0,0,0
Mercenary,SC,,Blackleach Blade,0,0,0,0,1,0,0,0,0,0,0
Mercenary,SC,,GhoulRI Hew,0,0,0,0,1,0,0,0,0,0,0
Mercenary,SC,,Dark Adherent,0,0,0,0,1,0,0,0,0,0,0
Mercenary,SC,,Darksight Helm,0,0,0,0,2,0,0,0,0,0,0
Mercenary,SC,,Loath Hide,0,0,0,0,1,0,0,0,0,0,0
Mercenary,SC,,Rune Skewer,0,0,0,0,1,0,0,0,0,0,0
Mercenary,SC,,The Meat Scraper,0,0,0,0,1,0,0,0,0,0,0
Mercenary,SC,,Boneflesh,0,0,0,0,1,0,0,0,0,0,0
Mercenary,SC,,Athena's Wrath,0,0,0,0,1,0,0,0,0,0,0
Mercenary,SC,,Mask,0,0,0,0,1,0,0,0,0,0,0
Mercenary,SC,,Brimstone Mask,0,0,0,0,1,0,0,0,0,0,0
Mercenary,SC,,Wormskull,0,0,0,0,3,0,0,0,0,0,0
Mercenary,SC,,Stealth,0,0,0,0,5,0,0,0,0,0,0
Mercenary,SC,,Blood Mask,0,0,0,0,1,0,0,0,0,0,0
Mercenary,SC,,Heavenly Garb,0,0,0,0,2,0,0,0,0,0,0
Mercenary,SC,,Isenhart's Case,0,0,0,0,1,0,0,0,0,0,0
Mercenary,SC,,Berserker's Headgear,0,0,0,0,1,0,0,0,0,0,0
Mercenary,SC,,Rune Stake,0,0,0,0,1,0,0,0,0,0,0
Mercenary,SC,,Nightwing's Veil,0,0,0,0,1,0,0,0,0,0,0
Mercenary,SC,,Field Plate,0,0,0,0,1,0,0,0,0,0,0
Mercenary,SC,,Skull Cap,0,0,0,0,2,0,0,0,0,0,0
Mercenary,SC,,Lance of Yaggai,0,0,0,0,1,0,0,0,0,0,0
Mercenary,SC,,Shadow Shell,0,0,0,0,1,0,0,0,0,0,0
Mercenary,SC,,Doom Visor,0,0,0,0,1,0,0,0,0,0,0
Mercenary,SC,,Ice,0,0,0,0,1,0,0,0,0,0,0
Mercenary,SC,,Bing Sz Wang,0,0,0,0,3,0,0,0,0,0,0
Mercenary,SC,,Infernal Cranium,0,0,0,0,1,0,0,0,0,0,0
Mercenary,SC,,Pelta Lunata,0,0,0,0,1,0,0,0,0,0,0
Mercenary,SC,,Natalya's Shadow,0,0,0,0,2,0,0,0,0,0,0
Mercenary,SC,,Spike Thorn,0,0,0,0,1,0,0,0,0,0,0
Mercenary,SC,,Pain Veil,0,0,0,0,1,0,0,0,0,0,0
Mercenary,SC,,Ocher Ring Mail of the Jackal,0,0,0,0,1,0,0,0,0,0,0
Mercenary,SC,,Full Helm of Energy,0,0,0,0,1,0,0,0,0,0,0
Mercenary,SC,,Bloodthief,0,0,0,0,1,0,0,0,0,0,0
Mercenary,SC,,Spirit Hide,0,0,0,0,1,0,0,0,0,0,0
Mercenary,SC,,Howltusk,0,0,0,0,2,0,0,0,0,0,0
Mercenary,SC,,Cleglaw's Tooth,0,0,0,0,1,0,0,0,0,0,0
Mercenary,SC,,The Vile Husk,0,0,0,0,2,0,0,0,0,0,0
Mercenary,SC,,Bloodmoon,0,0,0,0,1,0,0,0,0,0,0
Mercenary,SC,,Dusk Shroud,0,0,0,0,1,0,0,0,0,0,0
Mercenary,SC,,Haemosu's Adamant,0,0,0,0,2,0,0,0,0,0,0
Mercenary,SC,,Bone Helm,0,0,0,0,1,0,0,0,0,0,0
Mercenary,SC,,Strong Breast Plate,0,0,0,0,1,0,0,0,0,0,0
Mercenary,SC,,Russet Cap of Self-Repair,0,0,0,0,1,0,0,0,0,0,0
Mercenary,SC,,Scythe,0,0,0,0,1,0,0,0,0,0,0
Mercenary,SC,,Dread Crest,0,0,0,0,1,0,0,0,0,0,0
Mercenary,SC,,Eagle Wrap,0,0,0,0,1,0,0,0,0,0,0
Mercenary,SC,,Storm Mar,0,0,0,0,1,0,0,0,0,0,0
Mercenary,SC,,Havoc Wing,0,0,0,0,1,0,0,0,0,0,0
Mercenary,SC,,Havoc Horn,0,0,0,0,1,0,0,0,0,0,0
Mercenary,SC,,Chain Mail,0,0,0,0,1,0,0,0,0,0,0
Mercenary,SC,,Harpoonist's Pike,0,0,0,0,1,0,0,0,0,0,0
Mercenary,SC,,Sigon's Visor,0,0,0,0,1,0,0,0,0,0,0
Mercenary,SC,,Demonhorn's Edge,0,0,0,0,1,0,0,0,0,0,0
Mercenary,SC,,Jeweler's Diadem of Speed,0,0,0,0,1,0,0,0,0,0,0
Mercenary,SC,,Que-Hegan's Wisdom,0,0,0,0,2,0,0,0,0,0,0
Mercenary,SC,,Demon Pelt,0,0,0,0,1,0,0,0,0,0,0
Mercenary,SC,,GhoulRI Needle,0,0,0,0,1,0,0,0,0,0,0
Mercenary,SC,,Bul-Kathos' Sacred Charge,0,0,0,0,1,0,0,0,0,0,0
Mercenary,SC,,Tancred's Skull,0,0,0,0,1,0,0,0,0,0,0
Mercenary,SC,,Rhyme,0,0,0,0,1,0,0,0,0,0,0
Mercenary,SC,,Rune Mask,0,0,0,0,1,0,0,0,0,0,0
Mercenary,SC,,Dire Veil,0,0,0,0,1,0,0,0,0,0,0
Mercenary,SC,,Ancients' Pledge,0,0,0,0,1,0,0,0,0,0,0
Mercenary,SC,,Peasant Crown,0,0,0,0,2,0,0,0,0,0,0
Mercenary,SC,,Hellrack,0,0,0,0,1,0,0,0,0,0,0
Mercenary,SC,,Gale Casque,0,0,0,0,1,0,0,0,0,0,0
Mercenary,SC,,Hexfire,0,0,0,0,1,0,0,0,0,0,0
Mercenary,SC,,Bul-Kathos' Tribal Guardian,0,0,0,0,1,0,0,0,0,0,0
Mercenary,SC,,Doom Shell,0,0,0,0,1,0,0,0,0,0,0
Mercenary,SC,,Mesh Armor,0,0,0,0,1,0,0,0,0,0,0
Mercenary,SC,,Wraithra Flange,0,0,0,0,1,0,0,0,0,0,0
Mercenary,SC,,Blinkbat's Form,0,0,0,0,1,0,0,0,0,0,0
Mercenary,SC,,Biggin's Bonnet,0,0,0,0,1,0,0,0,0,0,0
Mercenary,SC,,Steelgoad,0,0,0,0,1,0,0,0,0,0,0
Mercenary,SC,,Honor,0,0,0,0,1,0,0,0,0,0,0
Mercenary,SC,,M'avina's Embrace,0,0,0,0,1,0,0,0,0,0,0
Mercenary,SC,,Dread Bite,0,0,0,0,1,0,0,0,0,0,0
Mercenary,SC,,Ring Mail,0,0,0,0,1,0,0,0,0,0,0
Mercenary,SC,,Trident,0,0,0,0,1,0,0,0,0,0,0
Mercenary,SC,,Bitter Shroud,0,0,0,0,1,0,0,0,0,0,0
Mercenary,SC,,Hone Sundan,0,0,0,0,1,0,0,0,0,0,0
Mercenary,SC,,GhoulRI Horn,0,0,0,0,1,0,0,0,0,0,0
Mercenary,SC,,The Spirit Shroud,0,0,0,0,1,0,0,0,0,0,0
Mercenary,SC,,Wraith Flight,0,0,0,0,1,0,0,0,0,0,0
Mercenary,SC,,Skullder's Ire,0,0,0,0,1,0,0,0,0,0,0
Mercenary,SC,,Breast Plate,0,0,0,0,1,0,0,0,0,0,0
Mercenary,SC,,Isenhart's Lightbrand,0,0,0,0,1,0,0,0,0,0,0
Mercenary,SC,,Large Shield,0,0,0,0,1,0,0,0,0,0,0
Mercenary,SC,,Bardiche,0,0,0,0,1,0,0,0,0,0,0
Mercenary,SC,,Iceblink,0,0,0,0,1,0,0,0,0,0,0
Mercenary,SC,,Strong Bone Helm of Radiance,0,0,0,0,1,0,0,0,0,0,0
Mercenary,SC,,PlagueRI Shell,0,0,0,0,1,0,0,0,0,0,0
Mercenary,SC,,Blood Barb,0,0,0,0,1,0,0,0,0,0,0
Mercenary Runeword,SC,,Treachery,0,0,0,0,250,251,254,248,245,245,242
Mercenary Unique,SC,,Vampire Gaze,0,0,0,0,159,163,162,165,170,170,165
Mercenary Runeword,SC,,Insight,0,0,0,0,230,228,223,217,216,216,216
Mercenary Unique,SC,,Steel Shade,0,0,0,0,282,282,286,288,287,287,290
Mercenary Runeword,SC,,Doom,0,0,0,0,21,23,24,25,26,26,25
Mercenary Set,SC,,Tal Rasha's Horadric Crest,0,0,0,0,253,251,244,237,233,233,234
Mercenary Runeword,SC,,Harmony,0,0,0,0,42,42,45,45,44,44,42
Mercenary Unique,SC,,Shaftstop,0,0,0,0,147,148,149,152,158,158,158
Mercenary Runeword,SC,,Infinity,0,0,0,0,348,348,349,350,354,354,352
Mercenary Unique,SC,,The Gladiator's Bane,0,0,0,0,87,87,88,88,87,87,87
Mercenary Unique,SC,,The Reaper's Toll,0,0,0,0,96,96,96,97,96,96,92
Mercenary Unique,SC,,Andariel's Visage,0,0,0,0,164,165,167,166,171,171,171
Mercenary Runeword,SC,,Fortitude,0,0,0,0,233,238,240,246,249,249,251
Mercenary Unique,SC,,Blackhorn's Face,0,0,0,0,8,8,9,10,9,9,9
Mercenary Unique,SC,,Guardian Angel,0,0,0,0,34,34,35,34,35,35,37
Mercenary Unique,SC,,Kira's Guardian,0,0,0,0,15,15,17,15,14,14,13
Mercenary Runeword,SC,,Lawbringer,0,0,0,0,86,85,82,82,82,82,81
Mercenary Runeword,SC,,Plague,0,0,0,0,32,33,34,31,32,32,33
Mercenary Runeword,SC,,Phoenix,0,0,0,0,8,7,7,7,7,7,8
Mercenary Runeword,SC,,Hustle,0,0,0,0,9,9,9,8,8,8,9
Mercenary Runeword,SC,,Silence,0,0,0,0,44,42,43,45,47,47,48
Mercenary Unique,SC,,Griffon's Eye,0,0,0,0,2,2,2,2,3,3,3
Mercenary Unique,SC,,Skin of the Vipermagi,0,0,0,0,11,11,10,8,9,9,9
Mercenary Unique,SC,,Azurewrath,0,0,0,0,7,7,7,7,7,7,8
Mercenary Runeword,SC,,Spirit,0,0,0,0,32,32,30,31,29,29,28
Mercenary Unique,SC,,Black Hades,0,0,0,0,8,7,7,7,7,7,7
Mercenary Unique,SC,,Leviathan,0,0,0,0,67,67,69,67,63,63,63
Mercenary Set,SC,,Sazabi's Mental Sheath,0,0,0,0,3,3,3,3,3,3,3
Mercenary Unique,SC,,Bonehew,0,0,0,0,12,12,10,11,11,11,11
Mercenary Runeword,SC,,Breath of the Dying,0,0,0,0,7,8,8,9,7,7,7
Mercenary Set,SC,,Naj's Light Plate,0,0,0,0,14,14,13,14,14,14,14
Mercenary Unique,SC,,Stormshield,0,0,0,0,21,20,21,19,18,18,18
Mercenary Unique,SC,,Culwen's Point,0,0,0,0,4(+1),5(+1),5(+1),4(+1),4(+1),4(+1),4(+1)
Mercenary Unique,SC,,Gerke's Sanctuary,0,0,0,0,7,7,7,8,8,8,8
Mercenary Unique,SC,,Duriel's Shell,0,0,0,0,90,86,83,79,79,79,77
Mercenary Runeword,SC,,Faith,0,0,0,0,6,6,7,9,10,10,11
Mercenary Runeword,SC,,Bulwark,0,0,0,0,11,10,10,10,10,10,10
Mercenary Unique,SC,,Crown of Ages,0,0,0,0,19,19,21,22,22,22,22
Mercenary Unique,SC,,Harlequin Crest,0,0,0,0,9,8,8,9,9,9,10
Mercenary Unique,SC,,Tyrael's Might,0,0,0,0,2,2,2,2,2,2,2
Mercenary Unique,SC,,Arkaine's Valor,0,0,0,0,6,6,7,6,7,7,8
Mercenary Runeword,SC,,Pride,0,0,0,0,7,8,9,7,9,9,10
Mercenary Unique,SC,,The Ward,0,0,0,0,4,4,3,2,2,2,2
Mercenary Unique,SC,,Crown of Thieves,0,0,0,0,45,45,47,46,45,45,45
Mercenary Unique,SC,,The Grandfather,0,0,0,0,14,14,14,13,13,13,13
Mercenary Runeword,SC,,Hearth,0,0,0,0,4,4,4,4,4,4,4
Mercenary Unique,SC,,Twitchthroe,0,0,0,0,4,4,4,4,4,4,4
Mercenary Unique,SC,,Buriza-Do Kyanon,0,0,0,0,7(+1),7(+1),7(+1),7(+1),7(+1),7(+1),7(+1)
Mercenary Set,SC,,Guillaume's Face,0,0,0,0,21,21,17,18,17,17,16
Mercenary Runeword,SC,,Last Wish,0,0,0,0,3,3,3,3,4,4,4
Mercenary Unique,SC,,Steel Carapace,0,0,0,0,9,9,9,8,8,8,8
Mercenary Runeword,SC,,Obedience,0,0,0,0,43,42,41,42,39,39,38
Mercenary Runeword,SC,,Dream,0,0,0,0,6,6,7,7,6,6,6
Mercenary Unique,SC,,Skin of the Flayed One,0,0,0,0,9,9,10,10,9,9,9
Mercenary Runeword,SC,,Crescent Moon,0,0,0,0,1,1,1,1,1,1,1
Mercenary Runeword,SC,,Chains of Honor,0,0,0,0,6,5,5,5,5,5,6
Mercenary Unique,SC,,Tiamat's Rebuke,0,0,0,0,1,1,1,1,1,1,1
Mercenary Runeword,SC,,Smoke,0,0,0,0,20,20,19,20,21,21,21
Mercenary Unique,SC,,Dimoak's Hew,0,0,0,0,1,1,1,1,1,1,1
Mercenary Unique,SC,,Templar's Might,0,0,0,0,1,1,1,1,2,2,1
Mercenary Set,SC,,Natalya's Totem,0,0,0,0,9,9,10,9,9,9,10
Mercenary Unique,SC,,Flamebellow,0,0,0,0,2,2,2,2,2,2,2
Mercenary Unique,SC,,Corpsemourn,0,0,0,0,3,3,3,3,3,3,3
Mercenary Runeword,SC,,Duress,0,0,0,0,6,6,6,7,6,6,6
Mercenary Runeword,SC,,Enigma,0,0,0,0,1,1,1,1,1,1,1
Mercenary Unique,SC,,Windforce,0,0,0,0,1,1,1,0,0,0,0
Mercenary Runeword,SC,,Grief,0,0,0,0,1,1,1,1,1,0,0
Mercenary Runeword,SC,,Oath,0,0,0,0,2,2,1,1,1,1,1
Mercenary Unique,SC,,Headstriker,0,0,0,0,4,4,4,4,4(+1),4(+1),4(+1)
Mercenary Unique,SC,,Giant Skull,0,0,0,0,7,7,7,7,8,8,7
Mercenary Set,SC,,Hwanin's Splendor,0,0,0,0,3,3,3,3,3,3,3
Mercenary Runeword,SC,,Unbending Will,0,0,0,0,4,4,4,4,4,4,4
Mercenary Unique,SC,,Duskdeep,0,0,0,0,5,5,5,5,5,5,5
Mercenary Unique,SC,,Arreat's Face,0,0,0,0,11,11,12,12,12,12,12
Mercenary Set,SC,,Sigon's Guard,0,0,0,0,3,3,3,3,3,3,3
Mercenary Unique,SC,,Arioc's Needle,0,0,0,0,2(+1),2(+1),2(+1),2(+1),2(+1),2(+1),2(+1)
Mercenary Set,SC,,Ondal's Almighty,0,0,0,0,1,1,1,1,1,1,1
Mercenary Set,SC,,Tal Rasha's Guardianship,0,0,0,0,5,5,5,7,7,7,6
Mercenary Unique,SC,,Stealskull,0,0,0,0,15,15,17,16,16,16,17
Mercenary Runeword,SC,,Passion,0,0,0,0,1,1,1,1,1,1,1
Mercenary Unique,SC,,Rockfleece,0,0,0,0,6,6,6,6,6,6,6
Mercenary Set,SC,,Griswold's Valor,0,0,0,0,1,1,1,1,1,1,1
Mercenary Runeword,SC,,Stone,0,0,0,0,9,9,9,8,8,8,7
Mercenary Unique,SC,,Tomb Reaver,0,0,0,0,20,20,20,19,20,20,19
Mercenary Unique,SC,,Lidless Wall,0,0,0,0,2,2,2,2,3,3,4
Mercenary Unique,SC,,Veil of Steel,0,0,0,0,6,6,5,5,6,6,5
Mercenary Unique,SC,,Silks of the Victor,0,0,0,0,2,2,2,2,2,2,2
Mercenary Runeword,SC,,Gloom,0,0,0,0,2,2,2,2,2,2,2
Mercenary Runeword,SC,,Destruction,0,0,0,0,1,1,1,1,1,1,1
Mercenary Unique,SC,,Toothrow,0,0,0,0,4,4,5,5,5,5,5
Mercenary Unique,SC,,Blade of Ali Baba,0,0,0,0,0(+2),0(+2),0(+2),0(+2),0(+2),0(+2),0(+2)
Mercenary Set,SC,,Sazabi's Ghost Liberator,0,0,0,0,1,1,1,1,1,1,1
Mercenary Set,SC,,Sazabi's Cobalt Redeemer,0,0,0,0,1,1,1,1,1,1,1
Mercenary Set,SC,,M'avina's True Sight,0,0,0,0,2,1,1,1,1,1,1
Mercenary Runeword,SC,,2693,0,0,0,0,1,1,1,1,1,1,1
Mercenary Unique,SC,,Blackoak Shield,0,0,0,0,2,2,2,2,3,3,2
Mercenary Runeword,SC,,Bramble,0,0,0,0,3,3,4,4,4,4,3
Mercenary Set,SC,,Arctic Furs,0,0,0,0,1,1,1,1,1,1,1
Mercenary Set,SC,,Arctic Horn,0,0,0,0,1,1,1,1,1,1,1
Mercenary Runeword,SC,,Prudence,0,0,0,0,1,1,1,1,1,0,0
Mercenary Unique,SC,,Pus Spitter,0,0,0,0,1,1,1,1,1,1,1
Mercenary Runeword,SC,,Edge,0,0,0,0,1,1,1,1,1,1,1
Mercenary Unique,SC,,Bloodletter,0,0,0,0,0(+1),0(+1),0(+1),0(+1),0(+1),0(+1),0(+1)
Mercenary Unique,SC,,Plague Bearer,0,0,0,0,2,2,2,2,2,2,2
Mercenary Unique,SC,,Moser's Blessed Circle,0,0,0,0,2,2,2,2,2,2,2
Mercenary Set,SC,,Isenhart's Horns,0,0,0,0,2,2,2,2,2,2,2
Mercenary Unique,SC,,Razortine,0,0,0,0,1,1,1,1,1,1,1
Mercenary Runeword,SC,,Lionheart,0,0,0,0,6,6,4,4,4,4,4
Mercenary Unique,SC,,Rattlecage,0,0,0,0,3,3,2,2,2,2,2
Mercenary Unique,SC,,Rockstopper,0,0,0,0,7,8,9,7,7,7,7
Mercenary Set,SC,,Naj's Circlet,0,0,0,0,5,4,4,4,3,3,3
Mercenary Unique,SC,,Swordguard,0,0,0,0,0(+2),0(+2),0(+2),0(+2),0(+2),0(+2),0(+2)
Mercenary Unique,SC,,Darkglow,0,0,0,0,3,4,4,4,4,4,4
Mercenary Set,SC,,Cathan's Visage,0,0,0,0,1,1,1,1,1,1,1
Mercenary Unique,SC,,Undead Crown,0,0,0,0,2,2,2,2,2,2,2
Mercenary Unique,SC,,Atma's Wail,0,0,0,0,2,3,2,2,1,1,1
Mercenary Set,SC,,Trang-Oul's Scales,0,0,0,0,2,1,1,1,1,1,1
Mercenary Unique,SC,,Goldskin,0,0,0,0,7,6,6,4,3,3,2
Mercenary Unique,SC,,Iron Pelt,0,0,0,0,1,1,1,1,1,1,1
Mercenary Unique,SC,,Steel Pillar,0,0,0,0,1,1,1,0,0,0,0
Mercenary Set,SC,,Immortal King's Soul Cage,0,0,0,0,1,1,1,1,1,1,1
Mercenary Unique,SC,,Viperfork,0,0,0,0,3,3,3,4,3,3,3
Mercenary Set,SC,,Griswold's Heart,0,0,0,0,7,7,6,6,5,5,5
Mercenary Runeword,SC,,Lore,0,0,0,0,1,1,1,1,1,1,1
Mercenary Unique,SC,,Todesfaelle Flamme,0,0,0,0,4,4,5,4,4,4,5
Mercenary Unique,SC,,Spirit Forge,0,0,0,0,2,2,1,1,1,1,1
Mercenary Unique,SC,,Lightsabre,0,0,0,0,3,3,3,3,3,3,3
Mercenary Unique,SC,,Blackleach Blade,0,0,0,0,1,1,2,2,2,2,2
Mercenary Set,SC,,Dark Adherent,0,0,0,0,1,1,1,1,1,1,1
Mercenary Unique,SC,,Darksight Helm,0,0,0,0,2,2,2,2,2,2,2
Mercenary Unique,SC,,The Meat Scraper,0,0,0,0,1,1,1,1,1,1,1
Mercenary Unique,SC,,Boneflesh,0,0,0,0,1,1,1,1,1,1,1
Mercenary Unique,SC,,Athena's Wrath,0,0,0,0,0(+1),0(+1),0(+1),0(+1),0(+1),0(+1),0(+1)
Mercenary Unique,SC,,Wormskull,0,0,0,0,3,4,4,4,4,4,4
Mercenary Runeword,SC,,Stealth,0,0,0,0,5,5,4,4,4,4,4
Mercenary Unique,SC,,Heavenly Garb,0,0,0,0,2,2,2,2,1,1,1
Mercenary Set,SC,,Isenhart's Case,0,0,0,0,1,1,1,1,1,1,1
Mercenary Set,SC,,Berserker's Headgear,0,0,0,0,1,1,1,1,1,1,1
Mercenary Unique,SC,,Nightwing's Veil,0,0,0,0,1,1,1,1,1,1,1
Mercenary Unique,SC,,Lance of Yaggai,0,0,0,0,1,1,1,1,1,1,1
Mercenary Runeword,SC,,Ice,0,0,0,0,1,0,1,1,1,1,1
Mercenary Unique,SC,,Bing Sz Wang,0,0,0,0,3,3,3,3,3,3,3
Mercenary Set,SC,,Infernal Cranium,0,0,0,0,1,1,1,1,1,1,1
Mercenary Unique,SC,,Pelta Lunata,0,0,0,0,1,1,1,1,1,1,1
Mercenary Set,SC,,Natalya's Shadow,0,0,0,0,2,2,1,1,1,1,1
Mercenary Unique,SC,,Spike Thorn,0,0,0,0,1,1,1,1,1,1,1
Mercenary Unique,SC,,Bloodthief,0,0,0,0,1,1,1,1,1,1,1
Mercenary Unique,SC,,Howltusk,0,0,0,0,2,2,2,2,2,2,2
Mercenary Set,SC,,Cleglaw's Tooth,0,0,0,0,1,1,1,1,1,1,1
Mercenary Unique,SC,,The Vile Husk,0,0,0,0,2,2,2,2,2,2,2
Mercenary Unique,SC,,Bloodmoon,0,0,0,0,1,1,1,1,1,1,1
Mercenary Set,SC,,Haemosu's Adamant,0,0,0,0,2,2,2,2,2,2,2
Mercenary Set,SC,,Sigon's Visor,0,0,0,0,1,1,1,1,1,0,0
Mercenary Unique,SC,,Demonhorn's Edge,0,0,0,0,1,1,1,1,1,1,1
Mercenary Unique,SC,,Que-Hegan's Wisdom,0,0,0,0,2,2,2,2,2,2,2
Mercenary Set,SC,,Bul-Kathos' Sacred Charge,0,0,0,0,1,1,1,1,1,1,1
Mercenary Set,SC,,Tancred's Skull,0,0,0,0,1,1,1,1,1,1,1
Mercenary Runeword,SC,,Rhyme,0,0,0,0,1,1,1,1,1,1,1
Mercenary Runeword,SC,,Ancients' Pledge,0,0,0,0,1,1,1,1,1,1,1
Mercenary Unique,SC,,Peasant Crown,0,0,0,0,2,2,2,2,1,1,1
Mercenary Unique,SC,,Hellrack,0,0,0,0,1,1,1,1,0,0,0
Mercenary Unique,SC,,Hexfire,0,0,0,0,1,1,1,1,0,0,0
Mercenary Set,SC,,Bul-Kathos' Tribal Guardian,0,0,0,0,1,1,1,1,0,0,0
Mercenary Unique,SC,,Blinkbat's Form,0,0,0,0,1,1,1,1,1,1,1
Mercenary Unique,SC,,Biggin's Bonnet,0,0,0,0,1,1,1,1,1,1,1
Mercenary Unique,SC,,Steelgoad,0,0,0,0,1,1,1,1,1,1,1
Mercenary Runeword,SC,,Honor,0,0,0,0,2,2,2,2,1,1,1
Mercenary Set,SC,,M'avina's Embrace,0,0,0,0,1,1,1,2,2,2,2
Mercenary Unique,SC,,Hone Sundan,0,0,0,0,1,1,1,1,1,1,1
Mercenary Unique,SC,,The Spirit Shroud,0,0,0,0,1,1,1,1,1,1,1
Mercenary Unique,SC,,Wraith Flight,0,0,0,0,1,1,1,1,1,1,1
Mercenary Unique,SC,,Skullder's Ire,0,0,0,0,1,1,1,2,2,2,2
Mercenary Set,SC,,Isenhart's Lightbrand,0,0,0,0,1,1,1,1,1,1,1
Mercenary Unique,SC,,Iceblink,0,0,0,0,1,1,1,1,1,1,1
Mercenary Unique,SC,,Doombringer,0,0,0,0,1,1,1(+1),1,1,1,1
Mercenary Unique,SC,,Tarnhelm,0,0,0,0,1,0,0,0,0,0,0
Mercenary Runeword,SC,,Radiance,0,0,0,0,1,1,1,1,1,1,1
Mercenary Runeword,SC,,Death,0,0,0,0,1,1,1,0,0,0,0
Mercenary Unique,SC,,Husoldal Evo,0,0,0,0,0(+1),0,0,0,0,0,0
Mercenary Unique,SC,,Cloudcrack,0,0,0,0,0,0(+1),0(+1),0(+1),0(+1),0(+1),0(+1)
Mercenary Unique,SC,,Spirit Ward,0,0,0,0,0,1,0,0,0,0,0
Mercenary Runeword,SC,,Wealth,0,0,0,0,0,1,1,1,1,1,1
Unique,SC,,The Gavel of Pain,0,0,0,0,0,0,1,0,0,0,0
Mercenary Set,SC,,Sigon's Shelter,0,0,0,0,0,0,1,0,0,0,0
Mercenary Unique,SC,,The Face of Horror,0,0,0,0,0,0,1,0,0,0,0
Mercenary Unique,SC,,The Dragon Chang,0,0,0,0,0,0,1,0,0,0,0
Mercenary Unique,SC,,Medusa's Gaze,0,0,0,0,0,0,0,1,0,0,1
Mercenary Unique,SC,,Radament's Sphere,0,0,0,0,0,0,0,1,0,0,0
Mercenary Runeword,SC,,Mist,0,0,0,0,0,0,0,1,0,0,0
Mercenary Runeword,SC,,Flickering Flame,0,0,0,0,0,0,0,0,1,0,0
Mercenary Runeword,SC,,Cure,0,0,0,0,0,0,0,0,1,1,1
Mercenary Unique,SC,,Wall of the Eyeless,0,0,0,0,0,0,0,0,1,1,1
Mercenary Runeword,SC,,Dragon,0,0,0,0,0,0,0,0,1,1,1
Skill,HC,Amazon,Jab,131,157,166,167,168,168,167,165,166,166,166
Skill,HC,Amazon,Power Strike,403,518,515,549,569,569,569,569,589,589,598
Skill,HC,Amazon,Poison Javelin,250,275,265,280,289,289,288,286,287,287,268
Skill,HC,Amazon,Fend,33,34,34,34,34,34,34,34,34,34,34
Skill,HC,Amazon,Lightning Bolt,355,436,448,491,491,491,491,506,526,526,534
Skill,HC,Amazon,Charged Strike,102,176,177,177,197,197,197,197,216,216,217
Skill,HC,Amazon,Plague Javelin,243,252,250,259,259,259,259,260,261,261,242
Skill,HC,Amazon,Molten Strike,48,68,68,68,68,68,68,68,68,68,68
Skill,HC,Amazon,Lightning Strike,61,103,84,84,104,104,104,104,105,105,106
Skill,HC,Amazon,Lightning Fury,404,484,487,527,527,527,527,527,547,547,531
Skill,HC,Amazon,Inner Sight,134,156,148,153,162,162,165,162,165,165,164
Skill,HC,Amazon,Lethal Strike,415,462,496,526,533,533,532,506,512,512,511
Skill,HC,Amazon,Phase Run,157,166,172,179,181,181,182,184,187,187,186
Skill,HC,Amazon,Dodge,136,158,170,176,182,182,180,180,182,182,178
Skill,HC,Amazon,Avoid,121,145,152,159,171,171,171,175,176,176,173
Skill,HC,Amazon,Penetrate,304,325,349,355,357,357,357,365,366,366,365
Skill,HC,Amazon,Evade,104,115,114,119,125,125,125,128,129,129,128
Skill,HC,Amazon,Decoy,42,48,49,50,51,51,51,55,56,56,56
Skill,HC,Amazon,Valkyrie,160,207,187,188,189,189,190,198,199,199,199
Skill,HC,Amazon,Pierce,387,403,396,401,403,403,403,405,405,405,385
Skill,HC,Amazon,Cold Arrow,254,302,317,335,378,378,378,365,368,368,369
Skill,HC,Amazon,Magic Arrow,167,174,215,219,216,216,227,204,206,206,207
Skill,HC,Amazon,Multiple Shot,527,512,597,615,637,637,639,660,665,665,665
Skill,HC,Amazon,Fire Arrow,283,276,346,328,351,351,351,360,361,361,361
Skill,HC,Amazon,Ice Arrow,160,217,199,216,259,259,260,242,243,243,243
Skill,HC,Amazon,Guided Arrow,122,144,158,193,194,194,194,228,228,228,228
Skill,HC,Amazon,Exploding Arrow,121,141,162,179,184,184,184,201,202,202,202
Skill,HC,Amazon,Strafe,158,158,157,174,174,174,174,185,185,185,185
Skill,HC,Amazon,Immolation Arrow,404,436,427,463,483,483,483,463,464,464,464
Skill,HC,Amazon,Freezing Arrow,165,214,233,253,255,255,255,254,254,254,254
Skill,HC,Assassin,Dragon Claw,27,33,36,42,54,54,53,53,54,54,54
Skill,HC,Assassin,Tiger Strike,64,66,67,72,72,72,72,72,72,72,72
Skill,HC,Assassin,Dragon Talon,65,69,72,77,78,78,78,78,79,79,79
Skill,HC,Assassin,Fists of Fire,136,166,175,207,208,208,208,209,209,209,209
Skill,HC,Assassin,Cobra Strike,38,38,39,59,59,59,59,59,59,59,59
Skill,HC,Assassin,Claws of Thunder,121,142,184,205,206,206,206,207,207,207,207
Skill,HC,Assassin,Dragon Flight,63,65,68,70,71,71,71,72,72,72,72
Skill,HC,Assassin,Blades of Ice,116,120,142,181,184,184,184,185,185,185,185
Skill,HC,Assassin,Claw Mastery,161,198,246,266,278,279,280,286,289,289,290
Skill,HC,Assassin,Psychic Hammer,325,342,355,357,354,354,354,381,381,381,382
Skill,HC,Assassin,Burst of Speed,164,195,200,219,221,222,223,223,225,225,227
Skill,HC,Assassin,Weapon Block,70,108,96,111,112,112,112,116,117,117,118
Skill,HC,Assassin,Cloak of Shadows,302,317,324,325,323,323,323,354,354,354,355
Skill,HC,Assassin,Fade,233,257,270,270,270,270,271,276,275,275,275
Skill,HC,Assassin,Shadow Warrior,56,59,63,62,61,61,61,66,66,66,67
Skill,HC,Assassin,Mind Blast,267,288,291,291,291,291,291,311,311,311,311
Skill,HC,Assassin,Venom,61,84,87,88,88,88,88,89,89,89,89
Skill,HC,Assassin,Shadow Master,232,259,304,264,264,264,264,279,280,280,281
Skill,HC,Assassin,Fire Blast,755,811,901,921,910,914,932,926,920,920,933
Skill,HC,Assassin,Shock Web,180,195,197,199,203,223,223,229,230,230,230
Skill,HC,Assassin,Blade Throw,192,208,183,195,193,193,193,206,207,207,207
Skill,HC,Assassin,Charged Bolt Sentry,194,220,221,223,224,244,244,255,259,259,259
Skill,HC,Assassin,Wake of Fire,694,776,879,902,876,876,879,904,910,910,927
Skill,HC,Assassin,Blade Fury,203,238,234,255,252,252,252,254,255,255,255
Skill,HC,Assassin,Lightning Sentry,228,230,250,251,251,271,271,316,310,310,316
Skill,HC,Assassin,Wake of Inferno,513,561,654,646,631,631,631,666,666,666,682
Skill,HC,Assassin,Death Sentry,216,237,259,279,279,290,299,319,299,299,300
Skill,HC,Assassin,Blade Shield,430,472,493,507,491,491,492,497,498,498,498
Skill,HC,Barbarian,Howl,108,115,122,125,129,129,131,135,134,134,135
Skill,HC,Barbarian,Find Potion,58,64,68,68,69,69,71,72,70,70,70
Skill,HC,Barbarian,Taunt,299,333,341,341,342,342,363,378,397,397,397
Skill,HC,Barbarian,Shout,463,475,484,485,491,491,494,531,536,536,556
Skill,HC,Barbarian,Find Item,111,118,120,124,126,126,127,129,130,130,130
Skill,HC,Barbarian,Battle Cry,518,556,557,557,578,578,618,639,659,659,659
Skill,HC,Barbarian,Battle Orders,911,993,1050,1051,1074,1074,1076,1133,1149,1149,1151
Skill,HC,Barbarian,Grim Ward,214,264,308,294,299,299,316,317,299,299,299
Skill,HC,Barbarian,War Cry,323,365,365,365,365,365,385,405,425,425,425
Skill,HC,Barbarian,Battle Command,388,416,436,436,438,438,439,462,454,454,455
Skill,HC,Barbarian,Edged Weapon Mastery,361,372,366,405,412,412,411,430,456,456,440
Skill,HC,Barbarian,Pole Weapon Mastery,224,284,324,324,324,324,324,344,324,324,344
Skill,HC,Barbarian,Blunt Weapon Mastery,195,173,235,224,224,224,224,236,224,224,224
Skill,HC,Barbarian,Thrown Weapon Mastery,142,162,159,159,160,160,159,159,159,159,159
Skill,HC,Barbarian,Increased Stamina,110,118,123,103,107,107,110,116,116,116,117
Skill,HC,Barbarian,Counter Attack,35,35,42,36,37,38,40,41,40,40,40
Skill,HC,Barbarian,Iron Skin,102,108,115,112,119,119,121,126,129,129,130
Skill,HC,Barbarian,Increased Speed,102,115,120,119,124,124,125,130,131,131,132
Skill,HC,Barbarian,Puncture,40,40,42,42,42,43,43,45,45,45,45
Skill,HC,Barbarian,Natural Resistance,191,214,212,194,196,196,197,207,209,209,209
Skill,HC,Barbarian,Whirling Axes,345,332,335,337,357,358,377,378,378,378,378
Skill,HC,Barbarian,Double Swing,431,418,427,422,454,455,479,497,490,490,503
Skill,HC,Barbarian,Concentrate,73,77,82,82,84,84,83,105,105,105,106
Skill,HC,Barbarian,Cleave,131,152,164,172,171,171,171,176,176,176,177
Skill,HC,Barbarian,Frenzy,177,159,176,170,172,172,195,237,246,246,246
Skill,HC,Barbarian,Stun,52,56,61,62,64,64,64,69,68,68,69
Skill,HC,Barbarian,Leap Slam,150,195,200,200,202,202,202,212,212,212,213
Skill,HC,Barbarian,Double Throw,0,0,0,0,,0,0,0,0,0,0
Skill,HC,Barbarian,Bash,189,234,221,216,238,238,218,233,233,233,234
Skill,HC,Barbarian,Ethereal Throw,140,160,141,141,161,161,141,141,141,141,141
Skill,HC,Barbarian,Whirlwind,557,584,654,673,690,690,690,710,710,710,710
Skill,HC,Druid,Firestorm,104,105,151,152,146,152,147,130,131,131,130
Skill,HC,Druid,Molten Boulder,207,208,217,218,203,206,204,206,208,208,207
Skill,HC,Druid,Flame Dash,134,135,144,156,155,155,154,158,158,158,158
Skill,HC,Druid,Arctic Blast,99,103,131,131,137,130,130,169,151,151,151
Skill,HC,Druid,Fissure,103,103,140,141,140,140,140,140,141,141,140
Skill,HC,Druid,Cyclone Armor,79,88,107,127,126,126,126,173,159,159,159
Skill,HC,Druid,Twister,120,121,138,159,159,159,159,172,174,174,174
Skill,HC,Druid,Volcano,68,72,73,74,61,61,61,86,89,89,88
Skill,HC,Druid,Tornado,67,81,69,89,89,89,89,91,92,92,92
Skill,HC,Druid,Armageddon,128,128,140,134,135,135,135,155,161,161,155
Skill,HC,Druid,Hurricane,141,151,141,161,161,161,161,182,181,181,181
Skill,HC,Druid,Werewolf,65,66,70,63,67,67,70,98,101,101,100
Skill,HC,Druid,Lycanthropy,527,539,579,543,563,565,590,622,643,643,642
Skill,HC,Druid,Werebear,235,235,272,266,269,269,290,297,297,297,296
Skill,HC,Druid,Feral Rage,36,36,37,38,40,40,42,51,56,56,60
Skill,HC,Druid,Maul,313,313,339,354,363,371,386,388,388,388,387
Skill,HC,Druid,Rabies,323,326,326,306,319,319,325,381,401,401,401
Skill,HC,Druid,Fire Claws,36,36,36,36,36,36,36,37,51,51,37
Skill,HC,Druid,Hunger,0,0,0,0,,0,1,1,1,1,1
Skill,HC,Druid,Shock Wave,261,261,287,281,282,282,323,303,303,303,303
Skill,HC,Druid,Fury,3,4,4,4,4,4,4,5,5,5,5
Skill,HC,Druid,Raven,233,271,356,357,356,356,375,409,390,390,389
Skill,HC,Druid,Poison Creeper,476,489,507,521,521,523,516,520,528,528,527
Skill,HC,Druid,Heart of Wolverine,338,320,340,364,379,379,389,412,443,443,442
Skill,HC,Druid,Summon Spirit Wolf,513,510,562,592,652,652,654,638,654,654,654
Skill,HC,Druid,Carrion Vine,25,24,26,30,31,31,32,40,41,41,40
Skill,HC,Druid,Oak Sage,559,557,576,581,584,584,600,631,668,668,667
Skill,HC,Druid,Summon Dire Wolf,770,763,795,803,851,851,861,895,963,963,961
Skill,HC,Druid,Solar Creeper,11,11,13,15,14,14,14,16,16,16,16
Skill,HC,Druid,Spirit of Barbs,38,38,39,56,57,57,57,57,59,59,59
Skill,HC,Druid,Summon Grizzly,507,488,512,548,587,587,588,608,648,648,647
Skill,HC,Necromancer,Summon Mastery,922,916,900,976,950,961,961,966,961,961,961
Skill,HC,Necromancer,Raise Skeleton Warrior,722,681,654,702,701,703,703,699,691,691,691
Skill,HC,Necromancer,Bone Offering,63,63,69,70,51,51,51,51,51,51,51
Skill,HC,Necromancer,Clay Golem,137,128,128,129,127,127,125,124,122,122,122
Skill,HC,Necromancer,Flesh Offering,60,60,60,60,59,58,58,59,59,59,59
Skill,HC,Necromancer,Raise Skeletal Mage,552,577,547,570,567,567,568,586,583,583,583
Skill,HC,Necromancer,Blood Golem,133,134,136,138,141,141,140,141,140,140,140
Skill,HC,Necromancer,Convocation,479,485,487,507,523,525,524,527,537,537,538
Skill,HC,Necromancer,Iron Golem,40,45,45,57,63,64,63,64,64,64,65
Skill,HC,Necromancer,Fire Golem,479,462,462,463,474,494,494,500,501,501,501
Skill,HC,Necromancer,Revive,193,194,197,201,202,203,206,204,206,206,206
Skill,HC,Necromancer,Deadly Poison,200,226,246,247,247,247,247,247,227,227,220
Skill,HC,Necromancer,Teeth,466,392,425,381,381,381,360,376,376,376,379
Skill,HC,Necromancer,Bone Armor,160,165,188,188,189,189,188,178,175,175,175
Skill,HC,Necromancer,Corpse Explosion,417,415,400,431,470,470,469,470,470,470,471
Skill,HC,Necromancer,Desecrate,239,266,284,298,305,305,305,305,295,295,294
Skill,HC,Necromancer,Bone Spear,371,370,403,386,397,397,377,401,401,401,420
Skill,HC,Necromancer,Bone Wall,116,116,118,118,118,118,117,120,120,120,120
Skill,HC,Necromancer,Bone Spirit,294,299,320,318,337,337,318,339,339,339,341
Skill,HC,Necromancer,Poison Nova,125,146,147,147,147,147,147,147,147,147,139
Skill,HC,Necromancer,Amplify Damage,44,40,38,35,35,36,35,37,38,38,38
Skill,HC,Necromancer,Dim Vision,163,181,182,182,194,201,201,199,207,207,207
Skill,HC,Necromancer,Hemorrhage,1505,1546,1601,1562,1567,1567,1547,1521,1481,1481,1481
Skill,HC,Necromancer,Weaken,1072,1150,1218,1221,1235,1235,1235,1264,1239,1239,1243
Skill,HC,Necromancer,Iron Maiden,1118,1185,1259,1276,1295,1295,1306,1317,1293,1293,1294
Skill,HC,Necromancer,Terror,3,2,1,1,1,1,1,1,1,1,1
Skill,HC,Necromancer,Confuse,2,2,2,2,2,2,2,2,2,2,2
Skill,HC,Necromancer,Life Tap,1036,1099,1193,1211,1244,1248,1253,1263,1243,1243,1243
Skill,HC,Necromancer,Attract,2,2,2,2,2,2,2,2,2,2,2
Skill,HC,Necromancer,Decrepify,131,122,128,132,132,132,131,126,126,126,127
Skill,HC,Necromancer,Lower Resist,93,105,108,108,108,108,108,110,109,109,108
Skill,HC,Paladin,Prayer,124,133,139,139,140,137,138,146,145,145,148
Skill,HC,Paladin,Resist Fire,97,109,105,99,100,104,100,106,104,104,104
Skill,HC,Paladin,Defiance,103,189,196,196,210,195,193,191,191,191,194
Skill,HC,Paladin,Resist Cold,4,6,25,46,47,46,45,51,51,51,51
Skill,HC,Paladin,Cleansing,208,233,240,242,243,222,248,251,231,231,234
Skill,HC,Paladin,Resist Lightning,132,112,89,94,94,88,108,112,114,114,107
Skill,HC,Paladin,Vigor,407,435,477,499,500,499,479,480,481,481,503
Skill,HC,Paladin,Meditation,2,3,3,3,3,3,3,4,4,4,4
Skill,HC,Paladin,Redemption,69,96,100,100,101,100,100,101,101,101,103
Skill,HC,Paladin,Salvation,271,244,246,228,229,230,245,265,267,267,236
Skill,HC,Paladin,Might,187,188,184,177,178,174,172,187,185,185,184
Skill,HC,Paladin,Holy Fire,243,296,291,301,303,314,298,319,329,329,290
Skill,HC,Paladin,Precision,59,61,65,69,71,69,70,72,66,66,66
Skill,HC,Paladin,Blessed Aim,322,349,384,421,422,422,404,403,403,403,415
Skill,HC,Paladin,Concentration,280,331,360,394,395,395,377,376,376,376,396
Skill,HC,Paladin,Holy Freeze,112,105,130,146,163,161,164,176,162,162,161
Skill,HC,Paladin,Holy Shock,479,430,445,463,483,445,493,537,543,543,523
Skill,HC,Paladin,Sanctuary,645,719,748,750,770,730,779,785,772,772,784
Skill,HC,Paladin,Fanaticism,39,130,145,145,145,145,145,159,165,165,165
Skill,HC,Paladin,Conviction,140,142,133,137,138,131,147,168,172,172,162
Skill,HC,Paladin,Sacrifice,123,180,179,164,167,175,196,198,190,190,190
Skill,HC,Paladin,Smite,153,201,203,203,207,202,204,210,209,209,208
Skill,HC,Paladin,Holy Bolt,1010,1038,1163,1127,1148,1145,1136,1167,1166,1166,1188
Skill,HC,Paladin,Zeal,96,130,162,152,154,163,173,175,175,175,174
Skill,HC,Paladin,Charge,166,165,173,177,179,177,179,189,192,192,193
Skill,HC,Paladin,Vengeance,51,47,50,51,52,52,52,55,55,55,56
Skill,HC,Paladin,Blessed Hammer,460,487,539,560,562,559,543,547,546,546,566
Skill,HC,Paladin,Absolution,54,55,58,58,59,59,59,61,61,61,63
Skill,HC,Paladin,Holy Shield,583,601,638,637,650,641,651,684,683,683,681
Skill,HC,Paladin,Fist of the Heavens,766,770,845,846,866,856,866,906,906,906,929
Skill,HC,Paladin,Dashing Strike,160,178,180,180,180,163,203,203,183,183,183
Skill,HC,Sorceress,Ice Bolt,183,194,188,249,252,253,257,284,277,277,293
Skill,HC,Sorceress,Frigerate,69,68,66,69,70,70,72,72,73,73,76
Skill,HC,Sorceress,Frost Nova,171,167,137,139,160,142,125,127,129,129,130
Skill,HC,Sorceress,Ice Blast,405,382,369,377,380,379,383,374,397,397,407
Skill,HC,Sorceress,Shiver Armor,167,147,146,155,166,163,166,166,167,167,171
Skill,HC,Sorceress,Glacial Spike,296,302,303,325,327,329,325,320,343,343,346
Skill,HC,Sorceress,Blizzard,238,232,231,234,236,245,267,262,292,292,313
Skill,HC,Sorceress,Freezing Pulse,226,229,249,269,269,269,261,261,281,281,281
Skill,HC,Sorceress,Chilling Armor,4,4,4,4,4,4,5,5,6,6,6
Skill,HC,Sorceress,Frozen Orb,569,592,576,656,663,694,739,800,804,804,799
Skill,HC,Sorceress,Cold Mastery,704,725,738,836,844,869,897,934,956,956,979
Skill,HC,Sorceress,Charged Bolt,452,418,413,411,401,401,402,401,378,378,400
Skill,HC,Sorceress,Static Field,184,178,191,191,189,188,189,187,183,183,191
Skill,HC,Sorceress,Telekinesis,838,816,866,909,882,902,901,890,886,886,925
Skill,HC,Sorceress,Nova,160,180,208,203,183,183,179,178,166,166,179
Skill,HC,Sorceress,Lightning Surge,371,360,376,421,398,398,399,421,400,400,403
Skill,HC,Sorceress,Chain Lightning,308,304,305,308,305,305,306,314,305,305,308
Skill,HC,Sorceress,Teleport,406,419,492,538,493,494,497,517,494,494,508
Skill,HC,Sorceress,Discharge,103,131,161,150,130,130,130,129,117,117,129
Skill,HC,Sorceress,Thunder Storm,154,161,241,285,246,246,246,255,246,246,252
Skill,HC,Sorceress,Energy Shield,266,256,266,274,272,272,275,288,291,291,294
Skill,HC,Sorceress,Lightning Mastery,609,651,724,737,710,711,710,729,706,706,709
Skill,HC,Sorceress,Fire Bolt,268,261,264,278,296,298,277,260,262,262,267
Skill,HC,Sorceress,Warmth,619,606,667,640,619,620,631,624,632,632,651
Skill,HC,Sorceress,Inferno,35,35,76,36,37,37,37,37,37,37,39
Skill,HC,Sorceress,Immolate,36,36,37,37,38,38,38,38,38,38,40
Skill,HC,Sorceress,Fire Ball,589,604,593,607,601,603,578,561,553,553,569
Skill,HC,Sorceress,Fire Wall,39,39,59,40,41,41,41,41,41,41,43
Skill,HC,Sorceress,Enflame,106,108,107,111,110,112,112,114,116,116,118
Skill,HC,Sorceress,Meteor,198,198,217,219,239,239,239,239,245,245,269
Skill,HC,Sorceress,Hydra,1025,1075,1061,1123,1098,1137,1179,1203,1247,1247,1253
Skill,HC,Sorceress,Fire Mastery,981,1010,1002,1074,1088,1096,1115,1116,1135,1135,1142
Unique,HC,,Alma Negra,0,0,0,0,,0,0,0,0,0,0
Unique,HC,,Andariel's Visage,6,7,7,6,7,7,7,7,7,7,7
Unique,HC,,Arachnid Mesh,42,49,52,54,53,53,55,56,56,56,56
Unique,HC,,Arioc's Needle,0,0,0,0,,0,0,0,0,0,0
Unique,HC,,Arkaine's Valor,1,1,1,1,1,1,1,1,1,1,1
Unique,HC,,Arm of King Leoric,3,4,4,4,4,4,4,4,4,4,4
Unique,HC,,Arreat's Face,23,26,28,29,30,30,30,30,28,28,28
Unique,HC,,Astreon's Iron Ward,0,0,0,0,,0,0,0,0,0,0
Unique,HC,,Athena's Wrath,0,0,0,0,,0,0,0,0,0,0
Unique,HC,,Atma's Scarab,7,10,9,9,9,9,9,9,9,9,9
Unique,HC,,Atma's Wail,0,0,0,0,,0,0,0,0,0,0
Unique,HC,,Axe of Fechmar,0,0,0,0,,0,0,1,0,0,0
Unique,HC,,Azurewrath,0,0,0,0,,0,0,0,0,0,0
Unique,HC,,Baezil's Vortex,0,0,0,0,,0,0,0,0,0,0
Unique,HC,,Bane Ash,1,1,0,0,,0,0,1,0,0,0
Unique,HC,,Baranar's Star,0,0,0,0,,0,0,0,0,0,0
Unique,HC,,Bartuc's Cut-Throat,7,7,8,8,7(+1),7(+1),7(+1),7(+1),8(+1),8(+1),7(+1)
Unique,HC,,Biggin's Bonnet,4,4,7,7,7,7,7,8,8,8,8
Unique,HC,,Bing Sz Wang,1,1,1,1,0(+1),0(+1),0(+1),0(+1),0(+1),0(+1),0(+1)
Unique,HC,,Black Hades,1,1,1,1,1,1,1,1,1,1,1
Unique,HC,,Blackbog's Sharp,0,0,0,0,,0,0,0,0,0,0
Unique,HC,,Blackhand Key,3,3,4,4,3,3,3,3,2,2,2
Unique,HC,,Blackhorn's Face,0,0,0,0,,0,0,0,0,0,0
Unique,HC,,Blackleach Blade,0,0,0,0,,0,0,0,0,0,0
Unique,HC,,Blackoak Shield,0,0,0,0,,0,0,0,0,0,1
Unique,HC,,Blacktongue,0,0,0,0,,0,0,0,0,0,0
Unique,HC,,Blade Of Ali Baba,0,0,0,0,,0,0,0,0,0,0
Unique,HC,,Bladebone,0,0,0,0,,0,0,0,0,0,0
Unique,HC,,Bladebuckle,6,5,5,5,5,6,6,8,9,9,9
Unique,HC,,Blastbark,0,0,1,1,1,1,1,1,1,1,1
Unique,HC,,Blinkbat's Form,1,1,1,1,1,1,1,1,1,1,1
Unique,HC,,Blood Crescent,1,3,4,3,2,2,2,2,2,2,2
Unique,HC,,Blood Raven's Charge,0,0,0,0,,0,0,0,0,0,1
Unique,HC,,Bloodfist,28,27,32,28,29,30,31,32,34,34,30
Unique,HC,,Bloodletter,2,2,0,0,2,0,1,2,2,2,2
Unique,HC,,Bloodmoon,0,0,0,0,,0,0,0,0,0,0
Unique,HC,,Bloodrise,1,1,1,1,1,1,1,2,1,1,1
Unique,HC,,Bloodthief,0,0,0,0,,0,0,0,0,0,0
Unique,HC,,Bloodtree Stump,1,1,1,1,1,1,1,1,1,1,1
Unique,HC,,Boneflame,4,4,4,4,4,4,4,4,4,4,4
Unique,HC,,Boneflesh,2,2,3,2,2,2,2,2,2,2,2
Unique,HC,,Bonehew,0,0,0,0,,0,0,0,0,0,0
Unique,HC,,Boneshade,0,0,0,0,,0,0,0,0,0,0
Unique,HC,,Boneslayer Blade,0,0,0,0,,0,0,0,0,0,0
Unique,HC,,Bonesnap,7,7,6,5,4(+1),4(+1),4(+1),5(+1),5(+1),5(+1),5(+1)
Unique,HC,,Brainhew,0,0,0,0,,0,0,0,0,0,0
Unique,HC,,Bul-Kathos' Wedding Band,16,22,22,20,20,20,23,23,26,26,26
Unique,HC,,Buriza-Do Kyanon,5,6,6,6,6,6,6,7,7,7,7
Unique,HC,,Butcher's Pupil,0,1,1,1,1,1,1,2,5,5,4
Unique,HC,,Bverrit Keep,0,0,0,0,,0,0,1,1,1,1
Unique,HC,,Carin Shard,0,0,0,1,1,0,0,0,0,0,0
Unique,HC,,Carrion Wind,4,9,12,9,9,9,9,9,10,10,9
Unique,HC,,Cerebus' Bite,1,1,1,1,1,1,2,2,2,2,2
Unique,HC,,Chance Guards,32,33,33,36,38,38,38,37,36,36,36
Unique,HC,,Chromatic Ire,0,0,0,0,1,1,1,1,1,0,1
Unique,HC,,Cliffkiller,0,0,0,0,,0,0,0,0,0,0
Unique,HC,,Cloudcrack,1,1,1,1,0(+1),0(+1),0(+1),0(+1),0(+1),0(+1),0(+1)
Unique,HC,,Coif of Glory,1,1,1,1,1,1,1,1,1,1,1
Unique,HC,,Coldkill,1,1,1,1,0(+1),0(+1),0(+1),0(+1),0(+1),0(+1),0(+1)
Unique,HC,,Coldsteel Eye,0,0,0,0,,0,0,0,1,1,1
Unique,HC,,Corpsemourn,0,0,0,0,,0,0,0,0,0,0
Unique,HC,,Crainte Vomir,0,0,0,0,,0,0,0,1,1,1
Unique,HC,,Cranebeak,0,0,0,0,,0,0,0,0,0,0
Unique,HC,,Crescent Moon,0,1,1,1,1,1,1,1,1,1,1
Unique,HC,,Crow Caw,0,0,0,0,,0,0,0,0,0,0
Unique,HC,,Crown of Ages,3,3,2,2,2,2,2,2,2,2,3
Unique,HC,,Crown of Thieves,1,1,1,1,1,1,1,1,1,1,1
Unique,HC,,Crushflange,5,6,7,8,8,8,8,7,7,7,7
Unique,HC,,Culwen's Point,1,0,0,0,,0,0,0,0,0,0
Unique,HC,,Dark Clan Crusher,2,2,2,2,2,2,2,2,3,3,2
Unique,HC,,Darkforce Spawn,1,1,1,1,1,1,1,1,1,1,1
Unique,HC,,Darkglow,4,3,2,3,4,4,4,4,4,4,3
Unique,HC,,Darksight Helm,0,0,0,0,,0,0,0,0,0,0
Unique,HC,,Death Cleaver,1,1,1,1,2,2,2,2,2,2,2
Unique,HC,,Deathbit,0,0,0,0,0(+1),0(+1),0,0,0,0,0
Unique,HC,,Death's Fathom,1,1,1,1,1,1,1,1,1,1,1
Unique,HC,,Death's Web,1,3,3,2,2,2,2,2,2,2,2
Unique,HC,,Deathspade,1,1,2,1,2,1,1,1,1,1,1
Unique,HC,,Demon Limb,7,9,6,8,8,8,8,8,7,7,7
Unique,HC,,Demon Machine,0,0,0,0,,0,0,0,0,0,0
Unique,HC,,Demonhorn's Edge,0,0,0,0,,0,0,0,0,0,0
Unique,HC,,Demon's Arch,0,0,0,0,,1,1,0,0,0,0
Unique,HC,,Dimoak's Hew,0,0,0,0,,0,0,0,0,0,0
Unique,HC,,Djinn Slayer,0,0,0,0,,0,0,0,0,0,0
Unique,HC,,Doombringer,0,0,0,0,,0,0,0,0,0,0
Unique,HC,,Doomslinger,0,0,0,0,,0,0,0,0,0,0
Unique,HC,,Dracul's Grasp,18,21,26,24,25,25,24,24,23,23,24
Unique,HC,,Dragonscale,1,1,1,1,1,1,1,1,1,1,1
Unique,HC,,Duriel's Shell,9,9,10,10,9,9,11,11,11,11,11
Unique,HC,,Duskdeep,3,3,5,5,5,5,5,5,5,5,5
Unique,HC,,Dwarf Star,40,44,46,51,50,49,48,50,50,50,50
Unique,HC,,Eaglehorn,0,0,0,0,,0,0,0,0,0,0
Unique,HC,,Earth Shifter,1,1,1,1,1,1,1,1,1,1,1
Unique,HC,,Earthshaker,0,0,0,0,,0,0,0,0,0,0
Unique,HC,,Endlesshail,0,0,0,0,,0,0,0,0,0,0
Unique,HC,,Eschuta's Temper,3,2,2,3,3,3,3,2,3,3,3
Unique,HC,,Ethereal Edge,0,0,0,0,,0,0,0,0,0,0
Unique,HC,,Executioner's Justice,0,0,0,0,,0,0,0,0,0,0
Unique,HC,,Felloak,2,2,3,4,3(+1),3(+1),3,3,3,3,3
Unique,HC,,Firelizard's Talons,0,0,0,0,,0,0,0,0,0,0
Unique,HC,,Flamebellow,0,0,0,0,,0,0,0,0,0,0
Unique,HC,,Fleshrender,5,5,5,5,5,5,5,6,6,6,6
Unique,HC,,Fleshripper,0,0,0,0,,0,0,0,0,0,0
Unique,HC,,Frostburn,22,21,21,22,21,21,23,22,23,23,23
Unique,HC,,Frostwind,0,0,1,1,1,1,1,1,1,1,1
Unique,HC,,Gargoyle's Bite,0,0,0,0,,0,0,0,0,0,0
Unique,HC,,Gerke's Sanctuary,2,2,2,2,2,2,2,2,2,2,2
Unique,HC,,Ghostflame,0,0,0,0,,0,0,0,0,0,0
Unique,HC,,Ghoulhide,4,4,4,4,4,4,4,4,4,4,4
Unique,HC,,Giant Skull,0,0,0,0,,0,0,0,0,0,0
Unique,HC,,Gimmershred,1,1,1,1,1,1,1,1,1,1,1
Unique,HC,,Ginther's Rift,1,1,1,1,1,1,1,1,1,1,1
Unique,HC,,Gleamscythe,0,0,0,1,1,1,1,1,1,1,2
Unique,HC,,Gloom's Trap,3,6,6,6,6,6,6,6,6,6,5
Unique,HC,,Goblin Toe,3,4,5,4,4,4,4,4,5,5,4
Unique,HC,,Goldskin,3,3,3,3,3,3,4,4,4,4,4
Unique,HC,,Goldstrike Arch,3,2,2,3,2,2,2,1,1,1,1
Unique,HC,,Goldwrap,24,23,26,31,31,32,33,35,34,34,34
Unique,HC,,Gore Rider,37,44,47,46,47,47,48,48,47,47,47
Unique,HC,,Gorefoot,9,8,9,9,9,10,10,12,11,11,10
Unique,HC,,Goreshovel,2,2,2,2,2,2,2,2,2,2,2
Unique,HC,,Gravenspine,3,2,1,2,2,1,2,2,2,2,2
Unique,HC,,Gravepalm,0,0,0,0,,0,0,1,0,0,0
Unique,HC,,Greyform,0,0,0,0,,0,0,0,0,0,0
Unique,HC,,Griffon's Eye,7,10,11,12,12,12,12,12,12,12,12
Unique,HC,,Grim's Burning Dead,0,0,0,0,,0,0,0,0,0,0
Unique,HC,,Griswold's Edge,0,1,1,1,2,2,2,2,2,2,2
Unique,HC,,Guardian Angel,5,6,6,6,6,6,7,6,7,7,6
Unique,HC,,Guardian Naga,0,0,0,0,,0,0,0,0,0,0
Unique,HC,,Gull,8,7,9,8,9,9,9,9,9,9,9
Unique,HC,,Gut Siphon,0,0,0,0,,0,0,0,0,0,0
Unique,HC,,Halaberd's Reign,0,1,1,1,1,1,1,1,1,1,1
Unique,HC,,Hand of Blessed Light,2,2,2,2,2,2,2,2,2,2,2
Unique,HC,,Harlequin Crest,84,85,91,92,94,95,94,94,97,97,96
Unique,HC,,Hawkmail,2,2,2,2,2,2,2,2,3,3,3
Unique,HC,,Head Hunter's Glory,2,2,2,2,2,2,2,2,2,2,2
Unique,HC,,Headstriker,5,6,7,7,7,7,7,6,6,6,5
Unique,HC,,Heart Carver,0,0,0,0,,0,0,0,0,0,0
Unique,HC,,Heavenly Garb,3,4,4,3,3,3,3,3,3,3,3
Unique,HC,,Heaven's Light,3,2,2,2,2,2,2,2,2,2,2
Unique,HC,,Hellcast,0,0,0,0,,0,0,0,0,0,0
Unique,HC,,Hellclap,0,0,0,0,,0,0,0,0,0,0
Unique,HC,,Hellmouth,0,0,0,0,,0,0,0,0,0,1
Unique,HC,,Hellplague,2,2,2,1,1,1,1,1,2,2,1
Unique,HC,,Hellrack,0,0,0,0,,0,0,0,0,0,0
Unique,HC,,Hellslayer,0,0,0,0,,0,0,0,0,0,0
Unique,HC,,Herald Of Zakarum,0,0,0,0,,0,0,0,0,0,0
Unique,HC,,Hexfire,1,2,1,1,0(+1),0(+1),0(+1),0(+1),1(+1),1(+1),1(+1)
Unique,HC,,Highlord's Wrath,20,24,25,25,26,26,26,25,25,25,26
Unique,HC,,Homunculus,23,24,24,23,23,23,23,23,24,24,24
Unique,HC,,Hone Sundan,0,0,0,0,,0,0,0,0,0,0
Unique,HC,,Horizon's Tornado,0,0,0,0,,0,0,0,0,0,0
Unique,HC,,Hotspur,1,2,1,2,1,1,1,1,1,1,1
Unique,HC,,Howltusk,0,0,0,1,1,0,0,0,0,0,0
Unique,HC,,Humongous,1,1,1,1,1,1,1,1,1,1,1
Unique,HC,,Husoldal Evo,0,0,0,0,,0,0,0,0,0,0
Unique,HC,,Iceblink,0,0,1,1,1,1,2,1,1,1,1
Unique,HC,,Ichorsting,0,0,1,0,,0,0,0,0,0,0
Unique,HC,,Infernostride,14,14,15,18,18,20,19,19,21,21,21
Unique,HC,,Iron Pelt,1,1,1,1,1,1,1,2,1,1,1
Unique,HC,,Ironstone,0,0,0,0,,0,0,0,0,0,0
Unique,HC,,Islestrike,0,0,0,0,,0,0,0,0,0,0
Unique,HC,,Jade Talon,2,4,6,3,3,3,2,2,2,2,2
Unique,HC,,Jalal's Mane,20,18,19,20,20,20,20,21,23,23,22
Unique,HC,,Kelpie Snare,0,0,0,0,,0,0,0,0,0,0
Unique,HC,,Kinemil's Awl,0,0,0,0,,0,0,0,0,0,0
Unique,HC,,Kira's Guardian,2,3,3,3,3,3,3,3,3,3,4
Unique,HC,,Knell Striker,0,0,0,0,,0,0,0,0,0,0
Unique,HC,,Kuko Shakaku,1,1,1,4,3,3,3,4,5,5,5
Unique,HC,,Lacerator,2,2,2,2,2,2,2,2,2,2,2
Unique,HC,,Lance Guard,0,0,0,0,,0,0,0,0,0,1
Unique,HC,,Lance of Yaggai,0,0,0,0,,0,0,0,0,0,0
Unique,HC,,Langer Briser,0,0,0,0,1,0,0,0,0,0,0
Unique,HC,,Lava Gout,3,3,3,5,5,5,5,5,5,5,5
Unique,HC,,Leadcrow,0,0,0,0,,0,0,0,0,0,0
Unique,HC,,Lenymo,2,2,2,2,3,3,3,4,3,3,4
Unique,HC,,Leviathan,0,1,1,1,1,1,1,1,1,1,1
Unique,HC,,Lidless Wall,23,25,26,26,26,26,27,29,29,29,28
Unique,HC,,Lightsabre,7,7,7,7,7,7,8,8,9,9,8
Unique,HC,,Lycander's Aim,2,2,2,2,3,3,3,3,3,3,3
Unique,HC,,Lycander's Flank,0,0,0,0,,0,0,0,0,0,0
Unique,HC,,Maelstrom,3,2,2,1,1,1,1,1,1,1,1
Unique,HC,,Magefist,81,87,91,95,95,94,92,94,96,96,97
Unique,HC,,Magewrath,0,0,0,0,,0,0,1,0,0,0
Unique,HC,,Manald Heal,57,52,53,57,57,58,58,62,64,64,63
Unique,HC,,Mang Song's Lesson,5,6,6,6,6,6,6,6,6,6,6
Unique,HC,,Mara's Kaleidoscope,37,40,47,47,48,49,48,50,52,52,52
Unique,HC,,Marrowwalk,5,6,6,5,5,5,5,5,5,5,5
Unique,HC,,Medusa's Gaze,21,25,28,28,27,27,27,26,28,28,28
Unique,HC,,Messerschmidt's Reaver,0,0,0,0,,0,0,0,0,0,0
Unique,HC,,Metalgrid,4,4,4,4,4,4,4,4,4,4,4
Unique,HC,,Moonfall,0,1,1,1,0(+1),0(+1),0(+1),0(+1),0(+1),0(+1),0(+1)
Unique,HC,,Moser's Blessed Circle,17,20,19,21,22,23,23,21,22,22,23
Unique,HC,,Nagelring,53,53,59,62,64,65,67,67,65,65,67
Unique,HC,,Nature's Peace,10,9,12,12,13,13,13,13,13,13,13
Unique,HC,,Nightsmoke,13,15,17,18,19,20,20,20,20,20,20
Unique,HC,,Nightwing's Veil,4,3,2,2,2,2,2,2,2,2,3
Unique,HC,,Nokozan Relic,8,7,10,8,8,8,9,14,13,13,12
Unique,HC,,Nord's Tenderizer,1,2,1,1,1,1,1,1,1,1,1
Unique,HC,,Nosferatu's Coil,5,4,5,4,4,4,4,4,4,4,4
Unique,HC,,Ondal's Wisdom,3,3,3,3,3,3,3,3,3,3,3
Unique,HC,,Ormus' Robes,1,1,1,2,2,2,2,1,1,1,1
Unique,HC,,Peasant Crown,20,20,22,23,23,24,26,26,26,26,25
Unique,HC,,Pelta Lunata,2,2,4,5,5,5,6,7,7,7,7
Unique,HC,,Pierre Tombale Couant,1,1,1,1,1,1,1,1,1,1,1
Unique,HC,,Plague Bearer,2,3,3,2,2,2,2,3,3,3,3
Unique,HC,,Pluckeye,0,0,0,0,,0,0,0,0,0,0
Unique,HC,,Pompeii's Wrath,1,1,1,1,1,1,1,1,1,1,1
Unique,HC,,Pus Spitter,2,2,2,2,2,2,2,2,2,2,2
Unique,HC,,Que-Hegan's Wisdom,5,5,4,5,6,5,5,4,4,4,5
Unique,HC,,Radament's Sphere,11,13,12,13,14,14,14,14,13,13,13
Unique,HC,,Rakescar,0,0,0,1,0(+1),0(+1),0(+1),0(+1),0(+1),0(+1),0(+1)
Unique,HC,,Rattlecage,0,0,0,0,,0,0,0,0,0,0
Unique,HC,,Raven Claw,1,2,2,1,1,1,1,1,1,1,1
Unique,HC,,Raven Frost,90,109,108,108,109,108,111,112,113,113,114
Unique,HC,,Ravenlore,0,0,0,1,1,1,1,1,0,0,0
Unique,HC,,Razor's Edge,0,0,0,0,,0,0,0,0,0,0
Unique,HC,,Razorswitch,2,1,0,0,,0,0,1,1,0,0
Unique,HC,,Razortail,12,14,15,15,17,17,16,16,16,16,16
Unique,HC,,Razortine,1,1,1,1,1,1,1,1,1,1,1
Unique,HC,,Ribcracker,0,0,0,0,,0,0,0,0,0,0
Unique,HC,,Riphook,1,1,1,1,1,1,1,2,2,2,2
Unique,HC,,Ripsaw,0,0,0,0,,0,0,0,0,0,0
Unique,HC,,Rixot's Keen,6,6,6,7,6(+1),6(+1),7(+1),7(+1),7(+1),7(+1),7(+1)
Unique,HC,,Rockfleece,2,2,3,2,2,2,2,2,2,2,2
Unique,HC,,Rockstopper,13,14,13,13,12,13,13,13,13,13,12
Unique,HC,,Rogue's Bow,1,1,2,1,1,1,1,1,1,1,1
Unique,HC,,Rune Master,0,0,0,1,,0,0,0,0,0,0
Unique,HC,,Rusthandle,0,0,0,0,,0,0,2,2,2,2
Unique,HC,,Sandstorm Trek,5,4,5,5,5,5,5,5,7,7,7
Unique,HC,,Saracen's Chance,7,7,8,8,8,8,8,8,8,8,8
Unique,HC,,Schaefer's Hammer,0,0,0,0,,0,0,0,0,0,0
Unique,HC,,Seraph's Hymn,6,6,5,5,5,5,5,5,5,5,5
Unique,HC,,Serpent Lord,1,1,1,1,1,1,1,1,1,1,1
Unique,HC,,Shadow Dancer,1,2,2,2,2,2,2,2,2,2,2
Unique,HC,,Shadow Killer,0,0,0,0,,0,0,0,0,0,0
Unique,HC,,Shadowfang,0,0,0,0,,0,0,0,1,1,1
Unique,HC,,Shaftstop,4,6,6,6,6,6,7,7,7,7,7
Unique,HC,,Silks of the Victor,2,2,0,0,,0,0,0,0,0,0
Unique,HC,,Silkweave,29,35,36,35,35,35,36,36,37,37,37
Unique,HC,,Skewer of Krintiz,1,2,1,2,1,1,1,1,1,1,1
Unique,HC,,Skin of the Flayed One,0,0,0,0,,0,0,0,0,0,1
Unique,HC,,Skin of the Vipermagi,60,64,70,73,73,74,70,77,78,78,76
Unique,HC,,Skull Collector,2,2,2,2,1(+1),1(+1),1(+1),1(+1),1(+1),1(+1),1(+1)
Unique,HC,,Skull Splitter,1,0,0,0,,0,0,0,0,0,0
Unique,HC,,Skullder's Ire,5,5,5,5,6,6,6,6,7,7,7
Unique,HC,,Skystrike,0,0,0,0,,0,0,1,1,1,1
Unique,HC,,Snakecord,4,4,4,4,4,4,4,5,5,5,5
Unique,HC,,Snowclash,0,0,0,1,,0,0,1,1,1,1
Unique,HC,,Soul Drainer,1,2,3,3,3,3,4,4,3,3,3
Unique,HC,,Soul Harvest,0,0,0,0,,0,0,0,0,0,0
Unique,HC,,Soulfeast Tine,0,0,0,0,,0,0,0,0,0,0
Unique,HC,,Soulflay,0,0,0,0,2,2,2,2,2,2,2
Unique,HC,,Sparking Mail,0,0,0,0,,0,0,1,1,0,0
Unique,HC,,Spectral Shard,0,0,0,0,,0,0,1,2,2,3
Unique,HC,,Spellsteel,2,2,2,2,2,2,3,3,3,3,3
Unique,HC,,Spike Thorn,0,0,0,0,,0,0,0,0,0,0
Unique,HC,,Spineripper,1,1,1,1,1,1,1,2,2,2,1
Unique,HC,,Spire of Honor,1,1,1,1,1,1,1,1,1,1,1
Unique,HC,,Spire of Lazarus,4,4,4,4,4,4,4,4,4,4,4
Unique,HC,,Spirit Forge,1,0,1,1,1,1,1,2,2,2,2
Unique,HC,,Spirit Keeper,1,1,1,1,1,1,1,1,1,1,1
Unique,HC,,Spirit Ward,2,2,2,2,2,2,2,2,2,2,2
Unique,HC,,Stealskull,1,1,1,1,1,1,1,1,1,1,1
Unique,HC,,Steel Carapace,0,0,0,0,,0,0,0,0,0,0
Unique,HC,,Steel Pillar,0,0,0,0,,0,0,0,0,0,0
Unique,HC,,Steel Shade,0,0,0,0,,0,0,0,0,0,0
Unique,HC,,Steelclash,6,5,4,4,4,4,4,5,5,5,4
Unique,HC,,Steeldriver,0,0,0,0,,0,0,1,1,1,1
Unique,HC,,Steelgoad,0,0,0,0,,0,0,0,0,0,0
Unique,HC,,Steelrend,3,4,6,6,6,6,6,6,6,6,6
Unique,HC,,Stone Crusher,0,0,0,0,,0,0,0,0,0,0
Unique,HC,,The Stone of Jordan,26,29,29,32,31,33,31,34,34,34,32
Unique,HC,,Stoneraven,0,0,0,0,,0,0,0,0,0,0(+1)
Unique,HC,,Stormchaser,0,0,0,0,,0,0,0,0,0,0
Unique,HC,,Stormeye,0,0,0,0,,0,0,0,0,0,1
Unique,HC,,Stormguild,2,2,2,3,3,3,3,2,2,2,2
Unique,HC,,Stormlash,0,0,0,0,,0,0,0,0,0,0
Unique,HC,,Stormrider,1,1,1,1,1,1,1,1,1,1,1
Unique,HC,,Stormshield,41,43,44,42,42,42,43,43,44,44,44
Unique,HC,,Stormspike,0,0,0,0,,0,0,0,0,0,0
Unique,HC,,Stormspire,0,0,0,0,,0,0,0,0,0,0
Unique,HC,,Stormstrike,0,0,0,0,,0,0,0,0,0,0
Unique,HC,,Stoutnail,3,2,2,2,2,2,3,3,3,3,3
Unique,HC,,String of Ears,58,62,67,66,69,70,68,72,74,74,75
Unique,HC,,Suicide Branch,1,2,2,2,2,2,2,2,2,2,2
Unique,HC,,Sureshrill Frost,0,0,0,0,,0,0,1,1,1,1
Unique,HC,,Swordback Hold,1,1,1,1,1,1,1,2,2,2,2
Unique,HC,,Swordguard,0,0,0,0,,0,0,0,0,0,0
Unique,HC,,Tarnhelm,10,10,12,11,11,11,11,11,10,10,11
Unique,HC,,Tearhaunch,14,16,14,17,19,18,17,20,19,19,18
Unique,HC,,Templar's Might,0,0,0,0,,0,0,0,0,0,0
Unique,HC,,The Atlantean,0,0,0,0,,0,0,0,0,0,0
Unique,HC,,The Battlebranch,0,0,0,0,,0,0,0,0,0,0
Unique,HC,,The Cat's Eye,7,10,11,11,11,11,11,11,11,11,10
Unique,HC,,The Centurion,1,1,1,1,1,1,1,1,2,2,2
Unique,HC,,The Chieftain,1,1,1,2,1,1,1,1,1,1,1
Unique,HC,,The Cranium Basher,0,0,0,0,,0,0,0,0,0,0
Unique,HC,,The Diggler,1,1,2,2,2,2,2,2,2,2,2
Unique,HC,,The Dragon Chang,1,1,1,1,1,1,1,1,1,1,1
Unique,HC,,The Eye of Etlich,6,5,7,8,7,7,7,8,7,7,8
Unique,HC,,The Face of Horror,3,3,3,3,3,3,5,3,3,3,3
Unique,HC,,The Fetid Sprinkler,0,0,0,0,,0,0,0,0,0,1
Unique,HC,,The Gavel Of Pain,0,0,0,0,,0,0,0,0,0,0
Unique,HC,,The General's Tan Do Li Ga,0,0,0,0,1,1,1,1,1,1,1
Unique,HC,,The Gladiator's Bane,1,0,0,0,,0,0,0,0,0,0
Unique,HC,,The Gnasher,1,1,1,1,2,2,2,2,1,1,1
Unique,HC,,The Grandfather,2,2,2,2,2,2,2,2,2,2,2
Unique,HC,,The Grim Reaper,0,0,0,0,,0,0,0,0,0,0
Unique,HC,,The Hand of Broc,4,4,5,4,4,4,4,4,4,4,4
Unique,HC,,The Impaler,2,2,2,2,2,2,2,2,2,2,2
Unique,HC,,The Iron Jang Bong,1,1,1,2,2,2,1,1,1,1,1
Unique,HC,,The Jade Tan Do,2,2,2,2,2,2,3,2,2,2,2
Unique,HC,,The Mahim-Oak Curio,3,4,4,4,6,6,6,7,7,7,7
Unique,HC,,The Meat Scraper,0,0,0,0,,0,0,0,0,0,0
Unique,HC,,The Minotaur,0,0,0,0,,0,0,0,0,0,0
Unique,HC,,The Oculus,13,13,15,15,17,17,18,18,17,17,17
Unique,HC,,The Patriarch,0,0,0,0,,0,0,0,0,0,0
Unique,HC,,The Reaper's Toll,2,2,2,2,2,2,2,2,2,2,2
Unique,HC,,The Redeemer,0,0,0,0,,0,0,0,0,0,0
Unique,HC,,The Rising Sun,0,0,0,0,,0,0,0,0,0,0
Unique,HC,,The Salamander,0,0,0,0,,0,0,0,0,0,0
Unique,HC,,The Scalper,1,1,0,0,,0,0,0,0,0,0
Unique,HC,,The Spirit Shroud,8,9,10,12,12,12,12,15,14,14,14
Unique,HC,,The Tannr Gorerod,0,0,0,0,,0,0,0,0,0,0
Unique,HC,,The Vile Husk,0,0,0,0,,0,0,0,0,0,0
Unique,HC,,The Ward,15,16,17,16,18,17,17,19,20,20,21
Unique,HC,,Thundergod's Vigor,17,24,24,24,26,25,25,26,26,26,27
Unique,HC,,Thunderstroke,0,4,3,4,4,4,4,4,4,4,5
Unique,HC,,Tiamat's Rebuke,1,1,1,1,1,1,1,1,1,1,1
Unique,HC,,Titan's Revenge,12,15,15,15,15,15,15,15,16,16,15
Unique,HC,,Todesfaelle Flamme,1,1,1,1,1,1,1,1,1,1,1
Unique,HC,,Tomb Reaver,1,1,1,2,2,2,2,2,2,2,2
Unique,HC,,Toothrow,0,0,0,0,,0,0,0,0,0,0
Unique,HC,,Torch of Iro,0,0,0,0,1,0,0,0,0,0,0
Unique,HC,,Treads of Cthon,5,6,7,6,7,7,6,7,7,7,8
Unique,HC,,Twitchthroe,5,6,6,6,6,6,6,7,6,6,5
Unique,HC,,Tyrael's Might,1,1,1,1,1,1,1,1,1,1,1
Unique,HC,,Umbral Disk,2,2,2,2,2,2,2,2,2,2,3
Unique,HC,,Ume's Lament,0,1,0,1,1,1,1,1,0,0,1
Unique,HC,,Undead Crown,4,4,4,4,6,6,5,5,5,5,5
Unique,HC,,Valkyrie Wing,3,6,5,5,5,5,5,5,5,5,5
Unique,HC,,Vampire Gaze,5,6,6,6,6,6,6,6,6,6,6
Unique,HC,,Veil of Steel,0,0,0,0,,0,0,0,0,0,0
Unique,HC,,Venom Grip,3,3,2,2,2,3,3,3,4,4,3
Unique,HC,,Venom Ward,1,4,4,4,4,4,5,6,6,6,6
Unique,HC,,Verdungo's Hearty Cord,34,41,44,43,45,46,46,45,46,46,46
Unique,HC,,Viperfork,0,0,0,0,,0,0,0,0,0,0
Unique,HC,,Visceratuant,1,1,1,1,1,0,0,1,1,0,0
Unique,HC,,Wall of the Eyeless,4,3,4,3,3,3,3,4,4,4,5
Unique,HC,,War Traveler,32,35,34,38,38,38,40,39,39,39,39
Unique,HC,,Warlord's Trust,0,1,1,1,1,1,1,1,1,1,1
Unique,HC,,Warpspear,2,2,6,6,5,5,5,5,5,5,5
Unique,HC,,Warshrike,4,5,5,5,5,5,5,5,5,5,5
Unique,HC,,Waterwalk,11,14,15,16,15,15,14,14,14,14,14
Unique,HC,,Widowmaker,0,0,0,0,,0,0,0,0,0,0
Unique,HC,,Windforce,1,1,1,0,1,1,1,1,1,1,1
Unique,HC,,Windhammer,0,0,1,2,2,2,2,2,3,3,3
Unique,HC,,Wisp Projector,16,16,16,16,17,17,17,17,17,17,17
Unique,HC,,Witchwild String,2,1,1,1,1,1,1,1,1,1,1
Unique,HC,,Witherstring,1,1,1,1,1,1,1,1,1,0,1
Unique,HC,,Wizardspike,5,4,4,4,4,4,4,4,4,4,4
Unique,HC,,Wizendraw,0,0,0,0,,0,0,1,1,1,1
Unique,HC,,Woestave,0,0,0,0,,0,0,0,0,0,0
Unique,HC,,Wolfhowl,3,3,3,3,3,3,3,3,3,3,3
Unique,HC,,Wormskull,2,2,1,1,1,1,1,1,1,1,1
Unique,HC,,Wraith Flight,1,1,1,1,1,1,1,1,1,1,1
Unique,HC,,Zakarum's Hand,1,0,0,0,,0,0,0,0,0,0
Set,HC,,Angelic Sickle,5,5,5,7,7,8,6,6,6,6,6
Set,HC,,Angelic Mantle,7,7,9,10,11,12,13,13,13,13,13
Set,HC,,Angelic Halo,62,66,74,76,77,79,79,82,83,83,81
Set,HC,,Angelic Wings,36,39,43,46,46,46,48,47,49,49,48
Set,HC,,Arcanna's Sign,1,2,2,2,2,2,1,1,1,1,1
Set,HC,,Arcanna's Deathwand,0,0,0,0,,1,1,1,1,1,1
Set,HC,,Arcanna's Head,4,4,3,3,2,2,1,2,2,2,2
Set,HC,,Arcanna's Flesh,0,0,0,0,,0,0,1,0,0,0
Set,HC,,Arctic Furs,15,17,19,22,21,20,23,18,17,17,18
Set,HC,,Arctic Binding,35,29,34,35,32,33,33,31,33,33,34
Set,HC,,Arctic Mitts,2,2,3,3,3,3,4,5,4,4,4
Set,HC,,Arctic Horn,2,1,1,1,1,1,1,2,2,2,2
Set,HC,,Berserker's Headgear,14,14,13,14,15,15,15,12,13,13,12
Set,HC,,Berserker's Hauberk,7,7,6,6,7,7,7,7,8,8,8
Set,HC,,Berserker's Hatchet,16,16,15,18,18,18,19,19,19,19,19
Set,HC,,Cathan's Rule,0,0,0,0,,0,0,0,0,0,0
Set,HC,,Cathan's Mesh,6,5,4,3,3,4,3,5,5,5,5
Set,HC,,Cathan's Visage,4,4,5,4,4,4,4,4,4,4,5
Set,HC,,Cathan's Sigil,3,3,5,3,3,3,4,3,3,3,3
Set,HC,,Cathan's Seal,19,19,22,22,22,22,24,28,28,28,25
Set,HC,,Civerb's Ward,2,1,1,1,1,1,1,1,1,1,1
Set,HC,,Civerb's Icon,2,3,4,5,5,4,4,4,4,4,4
Set,HC,,Civerb's Cudgel,9,9,9,9,9,9,9,9,9,9,9
Set,HC,,Cleglaw's Tooth,1,1,1,1,1,1,1,1,1,1,1
Set,HC,,Cleglaw's Claw,10,10,12,10,10,11,8,7,7,7,7
Set,HC,,Cleglaw's Pincers,10,11,8,8,8,9,8,9,10,10,10
Set,HC,,Death's Hand,10,10,10,11,11,11,12,11,11,11,10
Set,HC,,Death's Touch,0,0,0,0,,0,1,1,1,1,1
Set,HC,,Death's Guard,10,12,12,14,14,14,15,14,12,12,12
Set,HC,,Hsarus' Iron Heel,38,37,43,41,43,42,40,37,36,36,36
Set,HC,,Hsarus' Iron Fist,8,8,8,8,9,9,8,5,5,5,5
Set,HC,,Hsarus' Iron Stay,23,21,24,23,22,23,20,21,20,20,20
Set,HC,,Infernal Cranium,6,7,7,8,7,7,6,6,6,6,7
Set,HC,,Infernal Torch,2,2,1,1,1,1,1,1,1,1,1
Set,HC,,Infernal Sign,2,2,2,1,1,1,2,3,4,4,4
Set,HC,,Iratha's Collar,6,5,6,6,5,5,6,6,6,6,6
Set,HC,,Iratha's Cuff,6,5,5,7,6,6,7,7,7,7,7
Set,HC,,Iratha's Coil,8,6,7,10,10,10,10,10,10,10,11
Set,HC,,Iratha's Cord,8,6,6,7,6,6,7,7,7,7,7
Set,HC,,Isenhart's Lightbrand,2,2,2,3,2,2,2,4,3,3,3
Set,HC,,Isenhart's Parry,2,2,2,1,1,1,1,3,2,2,2
Set,HC,,Isenhart's Case,9,5,4,4,3,3,2,4,4,4,4
Set,HC,,Isenhart's Horns,3,2,2,1,1,1,1,2,2,2,1
Set,HC,,Milabrega's Orb,7,7,8,6,7,8,8,9,9,9,8
Set,HC,,Milabrega's Rod,0,0,0,0,,0,0,1,0,0,0
Set,HC,,Milabrega's Diadem,0,0,0,0,,0,0,0,0,0,0
Set,HC,,Milabrega's Robe,0,0,0,0,,0,0,0,0,0,0
Set,HC,,Sigon's Visor,14,17,22,23,22,22,24,23,23,23,24
Set,HC,,Sigon's Shelter,11,12,15,18,17,17,19,19,18,18,19
Set,HC,,Sigon's Gage,30,31,35,36,34,33,36,35,37,37,38
Set,HC,,Sigon's Sabot,32,35,37,41,39,38,41,40,47,47,45
Set,HC,,Sigon's Wrap,38,42,49,47,44,43,47,49,51,51,52
Set,HC,,Sigon's Guard,17,19,22,27,25,24,26,28,29,29,28
Set,HC,,Tancred's Spine,0,0,0,0,,0,0,0,0,0,0
Set,HC,,Tancred's Crowbill,0,0,0,0,,0,0,0,0,0,0
Set,HC,,Tancred's Hobnails,3,3,3,5,5,4,5,5,5,5,5
Set,HC,,Tancred's Weird,1,1,0,1,1,1,1,1,1,1,1
Set,HC,,Tancred's Skull,3,3,2,3,3,2,2,1,1,1,1
Set,HC,,Vidala's Barb,3,2,4,2,3,2,2,2,2,2,2
Set,HC,,Vidala's Fetlock,16,17,16,17,16,16,16,17,17,17,18
Set,HC,,Vidala's Ambush,4,3,3,3,3,3,3,4,4,4,4
Set,HC,,Vidala's Snare,9,9,10,9,9,9,9,11,10,10,12
Set,HC,,Bul-Kathos' Sacred Charge,0,0,0,0,,0,0,0,0,0,0
Set,HC,,Bul-Kathos' Tribal Guardian,0,0,0,0,,0,0,0,0,0,0
Set,HC,,Cow King's Horns,1,1,1,1,1,1,1,1,0,0,1
Set,HC,,Cow King's Hide,0,0,0,1,1,1,1,1,1,1,1
Set,HC,,Cow King's Hooves,3,3,3,3,3,3,3,3,3,3,3
Set,HC,,Dangoon's Teaching,0,0,0,0,,0,0,0,0,0,0
Set,HC,,Taebaek's Glory,0,0,0,0,,0,0,0,0,0,0
Set,HC,,Haemosu's Adamant,1,1,1,1,1,1,1,1,3,3,3
Set,HC,,Ondal's Almighty,1,1,1,1,1,1,1,1,1,1,1
Set,HC,,Hwanin's Splendor,0,0,0,0,,0,0,0,0,0,0
Set,HC,,Hwanin's Refuge,1,1,1,1,1,1,1,1,1,1,1
Set,HC,,Hwanin's Blessing,1,1,1,1,1,1,1,1,1,1,1
Set,HC,,Hwanin's Justice,0,0,0,0,,0,0,0,0,0,0
Set,HC,,Naj's Puzzler,8,8,8,8,8,8,9,9,9,9,9
Set,HC,,Naj's Light Plate,5,4,5,5,6,6,5,5,5,5,5
Set,HC,,Naj's Circlet,3,2,2,2,2,2,2,2,2,2,2
Set,HC,,Guillaume's Face,3,4,5,5,5,5,5,4,4,4,4
Set,HC,,Wilhelm's Pride,3,4,4,4,4,4,4,4,5,5,4
Set,HC,,Magnus' Skin,3,4,4,4,4,4,4,4,4,4,4
Set,HC,,Whitstan's Guard,4,5,5,5,5,5,5,5,5,5,5
Set,HC,,Sander's Paragon,0,0,0,0,,0,0,0,0,0,0
Set,HC,,Sander's Riprap,29,28,34,34,35,36,36,41,39,39,38
Set,HC,,Sander's Taboo,14,13,11,13,13,13,13,17,17,17,17
Set,HC,,Sander's Superstition,2,2,1,1,1,1,1,0,0,0,0
Set,HC,,Sazabi's Cobalt Redeemer,0,0,0,0,,0,0,0,0,0,0
Set,HC,,Sazabi's Ghost Liberator,0,0,0,0,,0,0,0,0,0,0
Set,HC,,Sazabi's Mental Sheath,3,3,3,3,3,3,3,3,3,3,3
Set,HC,,Telling of Beads,2,3,4,5,3,3,4,6,6,6,7
Set,HC,,Laying of Hands,50,57,57,57,58,58,59,58,59,59,60
Set,HC,,Rite of Passage,2,3,3,3,3,4,3,3,3,3,3
Set,HC,,Dark Adherent,0,0,0,0,,0,0,0,0,0,0
Set,HC,,Credendum,9,10,11,11,11,11,11,12,13,13,13
Set,HC,,Aldur's Stony Gaze,0,0,0,0,,0,0,0,1,1,1
Set,HC,,Aldur's Deception,0,0,0,1,,0,0,0,0,0,0
Set,HC,,Aldur's Rhythm,3,3,3,3,3,3,3,3,4,4,4
Set,HC,,Aldur's Advance,57,59,62,62,65,66,66,67,69,69,69
Set,HC,,Griswold's Valor,0,1,1,1,1,1,1,1,1,1,2
Set,HC,,Griswold's Heart,0,1,1,1,1,1,1,1,2,2,3
Set,HC,,Griswold's Redemption,0,1,1,1,1,1,1,1,1,1,2
Set,HC,,Griswold's Honor,0,1,1,1,1,1,1,1,1,1,2
Set,HC,,Immortal King's Will,9,8,9,9,9,9,9,11,13,13,12
Set,HC,,Immortal King's Soul Cage,3,2,2,2,2,2,2,2,2,2,2
Set,HC,,Immortal King's Detail,19,18,18,19,20,20,20,21,21,21,21
Set,HC,,Immortal King's Forge,9,9,9,8,8,8,8,9,9,9,9
Set,HC,,Immortal King's Pillar,10,9,9,9,9,9,10,13,13,13,12
Set,HC,,Immortal King's Stone Crusher,3,2,2,2,2,2,2,2,2,2,2
Set,HC,,M'avina's True Sight,3,4,4,4,4,4,4,4,4,4,4
Set,HC,,M'avina's Embrace,3,4,4,4,4,4,4,4,4,4,4
Set,HC,,M'avina's Icy Clutch,4,4,4,4,4,4,4,4,4,4,4
Set,HC,,M'avina's Tenet,10,10,9,9,10,9,9,10,10,10,10
Set,HC,,M'avina's Caster,3,4,4,5,5,5,5,5,5,5,5
Set,HC,,Natalya's Totem,7,10,11,14,14,15,14,14,15,15,15
Set,HC,,Natalya's Mark,8,11,11,13,13,13,13,13,13,13,13
Set,HC,,Natalya's Shadow,10,13,13,15,15,15,15,15,15,15,15
Set,HC,,Natalya's Soul,48,54,57,58,57,57,57,59,58,58,59
Set,HC,,Tal Rasha's Fine-Spun Cloth,36,33,33,36,35,35,36,35,36,36,35
Set,HC,,Tal Rasha's Adjudication,25,27,28,31,30,30,31,30,30,30,30
Set,HC,,Tal Rasha's Lidless Eye,18,18,17,19,17,17,17,18,19,19,19
Set,HC,,Tal Rasha's Guardianship,30,27,27,29,28,28,29,29,30,30,30
Set,HC,,Tal Rasha's Horadric Crest,27,26,27,30,28,28,28,30,32,32,31
Set,HC,,Trang-Oul's Guise,10,11,12,12,12,12,12,12,11,11,11
Set,HC,,Trang-Oul's Scales,14,14,15,14,14,14,14,15,14,14,14
Set,HC,,Trang-Oul's Wing,9,10,11,11,11,11,11,11,10,10,10
Set,HC,,Trang-Oul's Claws,68,73,78,77,77,78,79,79,80,80,82
Set,HC,,Trang-Oul's Girth,12,14,15,13,13,13,13,14,13,13,13
Runeword,HC,,Ancients' Pledge,66,69,75,76,77,78,77,80,81,81,79
Runeword,HC,,Beast,2,2,2,2,2,2,3,3,3,3,3
Runeword,HC,,Black,0,0,0,0,,0,0,0,0,0,0
Runeword,HC,,Bone,13,16,18,17,17,17,18,17,18,18,18
Runeword,HC,,Bramble,1,1,1,1,1,1,1,1,1,1,1
Runeword,HC,,Brand,0,0,0,0,,0,0,0,0,0,0
Runeword,HC,,Breath of the Dying,10,12,13,14,14,14,14,14,13,13,13
Runeword,HC,,Bulwark,0,1,1,1,1,1,1,1,1,1,1
Runeword,HC,,Call To Arms,0,0,0,0,,0,0,0,0,0,0
Runeword,HC,,Chains of Honor,8,13,14,14,14,14,14,13,12,12,13
Runeword,HC,,Chaos,1,1,1,2,2,2,2,2,2,2,2
Runeword,HC,,Crescent Moon,1,1,1,1,1,1,1,1,1,1,1
Runeword,HC,,Cure,0,0,0,0,,0,0,0,1,1,1
Runeword,HC,,Death,7,7,7,7,7,7,7,7,7,7,7
Runeword,HC,,Delirium,0,0,0,0,,0,0,0,0,0,0
Runeword,HC,,Destruction,0,0,0,0,,0,0,0,0,0,0
Runeword,HC,,Doom,1,0,0,0,,0,0,0,0,0,0
Runeword,HC,,Dragon,3,4,3,2,2,2,3,3,2,2,2
Runeword,HC,,Dream,1,1,1,1,3,3,3,3,3,3,3
Runeword,HC,,Duress,0,0,0,0,,0,0,0,0,0,0
Runeword,HC,,Edge,12,12,14,16,17,15,15,17,18,18,17
Runeword,HC,,Enigma,33,34,34,34,35,35,35,35,35,35,35
Runeword,HC,,Enlightenment,0,0,0,1,1,0,0,0,1,1,1
Runeword,HC,,Eternity,0,0,0,0,,0,0,0,0,0,0
Runeword,HC,,Exile,0,0,0,0,,0,0,0,0,0,0
Runeword,HC,,Faith,7,7,7,7,7,7,7,7,7,7,7
Runeword,HC,,Famine,0,0,0,0,,0,0,0,0,0,0
Runeword,HC,,Flickering Flame,0,0,0,0,,0,0,0,0,0,0
Runeword,HC,,Fortitude,36,41,44,44,45,45,45,45,44,44,44
Runeword,HC,,Fury,0,0,0,0,,0,0,0,0,0,0
Runeword,HC,,Gloom,0,0,0,0,,0,0,0,0,0,0
Runeword,HC,,Grief,13,15,13,12,12,12,12,13,13,13,13
Runeword,HC,,Ground,1,1,1,1,1,1,1,2,2,2,2
Runeword,HC,,Hand of Justice,1,2,2,1,1,1,1,1,1,1,1
Runeword,HC,,Harmony,9,11,11,11,11,11,11,11,11,11,12
Runeword,HC,,Heart of the Oak,66,71,72,78,79,78,80,81,81,81,82
Runeword,HC,,Hearth,1,1,1,1,1,1,1,1,1,1,1
Runeword,HC,,Holy Thunder,27,26,26,25,26,26,26,24,24,24,26
Runeword,HC,,Honor,0,0,0,0,,0,0,0,0,0,0
Runeword,HC,,Hustle,7,7,6,6,6,6,6,6,6,6,6
Runeword,HC,,Ice,0,1,1,1,1,1,1,1,0,0,0
Runeword,HC,,Infinity,0,0,0,0,,0,0,0,0,0,0
Runeword,HC,,Insight,3,3,4,4,4,4,4,5,5,5,5
Runeword,HC,,King's Grace,0,0,0,0,,0,1,1,1,1,1
Runeword,HC,,Kingslayer,0,0,0,0,,0,0,0,0,0,0
Runeword,HC,,Last Wish,0,0,2,1,1,1,1,1,1,1,1
Runeword,HC,,Lawbringer,1,1,1,1,1,1,2,1,1,1,1
Runeword,HC,,Leaf,9,9,11,11,10,10,9,9,9,9,11
Runeword,HC,,Lionheart,3,2,2,5,5,5,5,4,5,5,5
Runeword,HC,,Lore,80,88,89,93,91,91,93,94,92,92,94
Runeword,HC,,Malice,0,0,0,0,,0,0,0,0,0,0
Runeword,HC,,Melody,1,1,1,2,1,1,1,1,1,1,1
Runeword,HC,,Memory,15,17,18,20,20,20,20,21,21,21,21
Runeword,HC,,Metamorphosis,7,8,9,8,8,8,8,7,7,7,7
Runeword,HC,,Mist,0,0,0,0,1,0,1,1,1,0,0
Runeword,HC,,Mosaic,3,3,4,4,4,4,4,4,4,4,4
Runeword,HC,,Myth,5,6,6,6,6,6,6,7,5,5,5
Runeword,HC,,Nadir,4,4,4,5,4,4,4,3,3,3,3
Runeword,HC,,Oath,0,0,0,0,,0,0,1,1,1,1
Runeword,HC,,Obedience,1,1,1,1,1,1,1,1,1,1,2
Runeword,HC,,Obsession,0,0,0,0,,0,0,0,0,0,0
Runeword,HC,,Passion,0,1,1,1,1,1,1,1,1,1,1
Runeword,HC,,Pattern,0,2,1,1,1,1,1,1,0,0,0
Runeword,HC,,Peace,11,12,10,10,10,10,11,12,12,12,12
Runeword,HC,,Phoenix,12,17,18,18,18,18,19,19,18,18,18
Runeword,HC,,Plague,3,5,8,7,7,7,7,7,7,7,7
Runeword,HC,,Pride,0,0,0,0,,0,0,0,0,0,0
Runeword,HC,,Principle,0,0,0,0,,0,0,0,0,0,0
Runeword,HC,,Prudence,0,0,0,0,,0,0,0,0,0,0
Runeword,HC,,Radiance,0,0,0,0,,0,0,1,1,1,1
Runeword,HC,,Rain,13,13,14,14,14,14,15,15,16,16,15
Runeword,HC,,Rhyme,40,40,41,45,48,49,47,51,49,49,53
Runeword,HC,,Rift,0,0,0,0,,0,0,0,0,0,0
Runeword,HC,,Sanctuary,0,0,0,0,,0,0,0,0,0,0
Runeword,HC,,Silence,8,8,8,8,8,8,8,8,8,8,8
Runeword,HC,,Smoke,31,30,33,35,36,36,35,34,35,35,35
Runeword,HC,,Spirit,318,337,349,361,361,361,367,374,385,385,383
Runeword,HC,,Splendor,1,2,2,2,2,2,2,2,2,2,2
Runeword,HC,,Stealth,97,98,114,108,107,107,104,108,108,108,110
Runeword,HC,,Steel,5,6,7,7,8,8,8,12,11,11,11
Runeword,HC,,Stone,0,0,0,0,,0,0,1,0,0,0
Runeword,HC,,Strength,3,3,4,4,4,4,4,5,5,5,5
Runeword,HC,,Temper,0,0,0,0,,0,0,0,0,0,0
Runeword,HC,,Treachery,13,14,17,16,16,16,17,17,16,16,16
Runeword,HC,,Unbending Will,0,0,0,1,1,1,1,1,1,1,1
Runeword,HC,,Venom,0,0,0,0,,0,0,0,0,0,0
Runeword,HC,,Voice of Reason,0,0,0,0,,0,0,0,0,0,0
Runeword,HC,,Wealth,0,0,0,0,,0,0,0,0,0,0
Runeword,HC,,White,8,7,8,8,8,8,8,8,8,8,8
Runeword,HC,,Wind,0,0,0,0,,0,0,0,0,0,0
Runeword,HC,,Wisdom,0,0,0,0,,0,0,0,0,0,0
Runeword,HC,,Wrath,0,0,0,0,,0,0,0,0,0,0
Runeword,HC,,Zephyr,3,3,4,4,4,4,4,4,4,4,4
Runeword,HC,,Call to Arms,38,44,44,44,45,46,46,45,47,47,48
Unique,HC,,Herald of Zakarum,9,12,12,13,13,13,12,12,12,12,12
Unique,HC,,Blade of Ali Baba,14,10,12,14,14,14,14,16,16,16,17
Unique,HC,,Moonfire,8,6,6,7,7,7,7,8,8,8,8
Unique,HC,,Hailstorm,3,5,5,5,5,5,5,6,6,6,6
Unique,HC,,Frostbite,2,3,4,3,3,3,3,3,3,3,3
Unique,HC,,Khalim's Flail,1,1,1,1,1,1,1,1,1,1,1
Runeword,HC,,2693,1,1,1,1,1,1,1,2,2,2,2
Unique,HC,,Dragonbreath,4,6,11,9,7,7,6,7,8,8,9
Unique,HC,,Hell Forge Hammer,3,3,4,4,4,4,4,4,5,5,5
Unique,HC,,Khalim's Will,2,2,2,1,1,1,1,1,1,1,1
Unique,HC,,UNKNOWN UNIQUE,1,1,1,0,,0,0,0,0,0,1
Unique,HC,,Horadric Staff,2,2,2,2,2,2,2,2,2,2,2
Unique,HC,,Amulet of the Viper,3,1,1,1,1,1,1,1,1,1,1
Runeword,HC,,80,0,1,2,2,2,2,2,4,4,4,4
Runeword,HC,,-26,0,0,3,2,2,2,2,2,4,4,2
Mercenary Unique,HC,,Venom Ward,0,0,0,0,9,10,9,9,9,9,9
Mercenary Unique,HC,,Soulfeast Tine,0,0,0,0,2,2,2,2,2,2,2
Mercenary Unique,HC,,Duskdeep,0,0,0,0,23,23,23,23,24,24,24
Mercenary Runeword,HC,,Insight,0,0,0,0,297,298,302,319,316,316,321
Mercenary Unique,HC,,Sparking Mail,0,0,0,0,8,8,8,8,8,8,8
Mercenary Unique,HC,,Wormskull,0,0,0,0,17,17,17,19,18,18,18
Mercenary Unique,HC,,Twitchthroe,0,0,0,0,6,6,6,6,5,5,5
Mercenary Unique,HC,,Iceblink,0,0,0,0,6,6,6,8,5,5,6
Mercenary Set,HC,,Vidala's Ambush,0,0,0,0,2,2,2,2,3,3,3
Mercenary Unique,HC,,Bloodletter,0,0,0,0,2,2,2,2,2,2,2
Mercenary Set,HC,,Whitstan's Guard,0,0,0,0,1,1,1,1,1,1,1
Mercenary Unique,HC,,Iron Pelt,0,0,0,0,4,4,4,6,6,6,6
Mercenary Unique,HC,,Hawkmail,0,0,0,0,11,11,11,13,14,14,14
Mercenary Set,HC,,Isenhart's Case,0,0,0,0,9,8,8,8,7,7,9
Mercenary Unique,HC,,The Battlebranch,0,0,0,0,4(+1),4(+1),5(+1),5(+1),5(+1),5(+1),5(+1)
Mercenary Unique,HC,,The Tannr Gorerod,0,0,0,0,3,4,3,4,3,3,3
Mercenary Unique,HC,,Shadowfang,0,0,0,0,1,1,1,1,1,1,1
Mercenary Set,HC,,Naj's Circlet,0,0,0,0,3,3,3,4,3,3,4
Mercenary Set,HC,,Sigon's Shelter,0,0,0,0,5,5,5,5,5,5,5
Mercenary Unique,HC,,Vampire Gaze,0,0,0,0,31,31,32,32,32,32,31
Mercenary Runeword,HC,,Stealth,0,0,0,0,18,19,20,21,21,21,21
Mercenary Unique,HC,,The Impaler,0,0,0,0,2,2,2,3,3,3,2
Mercenary Unique,HC,,Steelgoad,0,0,0,0,6,6,6,6,6,6,6
Mercenary Set,HC,,Berserker's Headgear,0,0,0,0,8,8,8,7,8,8,9
Mercenary Set,HC,,Isenhart's Horns,0,0,0,0,6,5,5,5,5,5,5
Mercenary Unique,HC,,Woestave,0,0,0,0,2,2,1,2,2,2,1
Mercenary Unique,HC,,Darkglow,0,0,0,0,10,10,10,10,10,10,10
Mercenary Runeword,HC,,Lore,0,0,0,0,3,3,4,3,3,3,3
Mercenary Runeword,HC,,Spirit,0,0,0,0,11,12,11,13,13,13,12
Mercenary Set,HC,,Cleglaw's Claw,0,0,0,0,1,0,0,0,0,0,0
Mercenary Runeword,HC,,80,0,0,0,0,3,3,3,3,2,2,2
Mercenary Unique,HC,,Dimoak's Hew,0,0,0,0,4,4,5,6,6,6,6
Mercenary Set,HC,,Sigon's Visor,0,0,0,0,3,3,3,3,3,3,3
Mercenary Unique,HC,,Rockfleece,0,0,0,0,12,12,11,12,11,11,13
Mercenary Unique,HC,,Soulflay,0,0,0,0,1,0,0,0,0,0,0
Mercenary Unique,HC,,Undead Crown,0,0,0,0,11,11,12,14,12,12,13
Mercenary Unique,HC,,Coif of Glory,0,0,0,0,4,4,4,5,4,4,4
Mercenary Unique,HC,,The Centurion,0,0,0,0,5,5,5,5,5,5,5
Mercenary Unique,HC,,The Spirit Shroud,0,0,0,0,2,2,2,2,2,2,2
Mercenary Unique,HC,,The Face of Horror,0,0,0,0,14,14,14,16,16,16,16
Mercenary Unique,HC,,Razortine,0,0,0,0,4,4,5,5,4,4,6
Mercenary Runeword,HC,,Edge,0,0,0,0,6,6,6,6,6,6,6
Mercenary Set,HC,,Arctic Furs,0,0,0,0,3,3,3,4,4,4,4
Mercenary Unique,HC,,Bloodthief,0,0,0,0,3,3,2,3,2,2,3
Mercenary Unique,HC,,Peasant Crown,0,0,0,0,1,1,1,1,0,0,1
Mercenary Set,HC,,Angelic Mantle,0,0,0,0,1,1,1,1,0,0,0
Mercenary Unique,HC,,Biggin's Bonnet,0,0,0,0,3,3,3,2,2,2,2
Mercenary Set,HC,,Iratha's Coil,0,0,0,0,2,2,2,2,2,2,2
Mercenary Unique,HC,,Witherstring,0,0,0,0,2,2,2,2,2,2,2
Mercenary Set,HC,,Cathan's Mesh,0,0,0,0,6,6,7,4,4,4,4
Mercenary Set,HC,,Cathan's Visage,0,0,0,0,2,2,2,2,2,2,2
Mercenary Set,HC,,Civerb's Ward,0,0,0,0,1,1,1,1,1,1,1
Mercenary Runeword,HC,,Nadir,0,0,0,0,1,0,0,1,1,1,1
Mercenary Unique,HC,,Andariel's Visage,0,0,0,0,21,21,21,22,22,22,22
Mercenary Runeword,HC,,Fortitude,0,0,0,0,32,32,32,32,35,35,35
Mercenary Runeword,HC,,Treachery,0,0,0,0,106,106,108,108,109,109,109
Mercenary Unique,HC,,Steel Shade,0,0,0,0,47,47,47,46,48,48,47
Mercenary Runeword,HC,,Plague,0,0,0,0,6,6,6,5,5,5,5
Mercenary Unique,HC,,The Gladiator's Bane,0,0,0,0,10,10,10,11,12,12,12
Mercenary Runeword,HC,,Silence,0,0,0,0,10,10,10,10,10,10,10
Mercenary Set,HC,,Tal Rasha's Horadric Crest,0,0,0,0,126,127,128,128,129,129,129
Mercenary Runeword,HC,,Infinity,0,0,0,0,36,36,36,38,37,37,37
Mercenary Unique,HC,,Shaftstop,0,0,0,0,28,27,27,26,26,26,26
Mercenary Set,HC,,Guillaume's Face,0,0,0,0,16,16,16,16,16,16,15
Mercenary Runeword,HC,,Pride,0,0,0,0,3,3,3,3,3,3,3
Mercenary Set,HC,,Naj's Light Plate,0,0,0,0,5,5,5,5,5,5,5
Mercenary Runeword,HC,,Obedience,0,0,0,0,13,13,13,12,12,12,12
Mercenary Runeword,HC,,Hustle,0,0,0,0,12,12,12,13,13,13,13
Mercenary Unique,HC,,Arioc's Needle,0,0,0,0,1,1,1,1,1,1,1
Mercenary Unique,HC,,Crainte Vomir,0,0,0,0,1,1,1,1,1,1,1
Mercenary Unique,HC,,Guardian Angel,0,0,0,0,15,15,15,13,14,14,13
Mercenary Unique,HC,,Rockstopper,0,0,0,0,12,12,12,14,14,14,14
Mercenary Runeword,HC,,Hearth,0,0,0,0,8,8,9,11,10,10,10
Mercenary Unique,HC,,Crown of Thieves,0,0,0,0,29,30,29,26,27,27,28
Mercenary Set,HC,,Griswold's Heart,0,0,0,0,12,12,13,12,12,12,12
Mercenary Unique,HC,,Swordguard,0,0,0,0,2,2,2,1,1,1,1
Mercenary Runeword,HC,,Lionheart,0,0,0,0,3,3,3,3,3,3,3
Mercenary Set,HC,,Sazabi's Mental Sheath,0,0,0,0,6,6,6,5,5,5,5
Mercenary Unique,HC,,Bonehew,0,0,0,0,4,4,4,4,6,6,5
Mercenary Unique,HC,,The Reaper's Toll,0,0,0,0,18,18,19,20,20,20,22
Mercenary Runeword,HC,,Faith,0,0,0,0,2,2,2,2,2,2,2
Mercenary Unique,HC,,Duriel's Shell,0,0,0,0,38,39,39,42,41,41,40
Mercenary Unique,HC,,The Vile Husk,0,0,0,0,1,1,1,1,1,0,0
Mercenary Unique,HC,,Blackhorn's Face,0,0,0,0,4,4,4,4,4,4,4
Mercenary Unique,HC,,Que-Hegan's Wisdom,0,0,0,0,3,3,3,3,3,3,3
Mercenary Unique,HC,,Ginther's Rift,0,0,0,0,1(+1),1(+1),1(+1),1(+1),1(+1),1(+1),1(+1)
Mercenary Unique,HC,,Goldskin,0,0,0,0,7,7,7,8,8,8,7
Mercenary Unique,HC,,Darksight Helm,0,0,0,0,4,4,4,4,4,4,4
Mercenary Unique,HC,,Viperfork,0,0,0,0,4,4,4,4,4,4,3
Mercenary Unique,HC,,Toothrow,0,0,0,0,6,7,6,7,7,7,7
Mercenary Unique,HC,,Husoldal Evo,0,0,0,0,1,1,1,1,1,1,1
Mercenary Unique,HC,,Rattlecage,0,0,0,0,5,5,5,5,5,5,5
Mercenary Unique,HC,,Pus Spitter,0,0,0,0,4,4,4,4,4,4,4
Mercenary Unique,HC,,Leviathan,0,0,0,0,16,16,16,16,16,16,17
Mercenary Unique,HC,,Skin of the Flayed One,0,0,0,0,11,11,11,10,10,10,10
Mercenary Unique,HC,,Silks of the Victor,0,0,0,0,3,3,3,3,3,3,3
Mercenary Unique,HC,,Stealskull,0,0,0,0,13,13,13,15,14,14,15
Mercenary Runeword,HC,,Smoke,0,0,0,0,19,19,20,20,21,21,21
Mercenary Runeword,HC,,Lawbringer,0,0,0,0,31,31,31,30,33,33,32
Mercenary Unique,HC,,Harlequin Crest,0,0,0,0,2,2,3,3,2,2,2
Mercenary Runeword,HC,,Bulwark,0,0,0,0,7,7,7,7,7,7,8
Mercenary Unique,HC,,Black Hades,0,0,0,0,6,6,6,5,5,5,5
Mercenary Set,HC,,Haemosu's Adamant,0,0,0,0,11,11,11,11,11,11,11
Mercenary Unique,HC,,Pierre Tombale Couant,0,0,0,0,1,1,1,1,1,1,1
Mercenary Unique,HC,,Boneflesh,0,0,0,0,8,8,8,7,8,8,8
Mercenary Set,HC,,Hwanin's Justice,0,0,0,0,4,4,4,5,6,6,6
Mercenary Set,HC,,Milabrega's Diadem,0,0,0,0,1,1,1,1,2,2,2
Mercenary Set,HC,,Hwanin's Refuge,0,0,0,0,5,5,5,6,5,5,5
Mercenary Set,HC,,Arcanna's Head,0,0,0,0,2,2,2,2,2,2,2
Mercenary Set,HC,,Immortal King's Will,0,0,0,0,1,1,1,2,3,3,3
Mercenary Unique,HC,,Crown of Ages,0,0,0,0,4,4,4,4,4,4,4
Mercenary Runeword,HC,,Breath of the Dying,0,0,0,0,1,1,1,1,2,2,2
Mercenary Unique,HC,,Kelpie Snare,0,0,0,0,4,5,5,5,5,5,5
Mercenary Unique,HC,,Bing Sz Wang,0,0,0,0,2,2,2,2,2,2,2
Mercenary Set,HC,,Cow King's Hide,0,0,0,0,2,2,2,2,2,2,2
Mercenary Set,HC,,Sazabi's Cobalt Redeemer,0,0,0,0,2,2,2,2,2,2,2
Mercenary Set,HC,,Isenhart's Parry,0,0,0,0,1,1,1,1,1,1,1
Mercenary Unique,HC,,Atma's Wail,0,0,0,0,3,3,3,2,2,2,2
Mercenary Unique,HC,,Spirit Forge,0,0,0,0,5,5,5,6,6,6,6
Mercenary Set,HC,,Sazabi's Ghost Liberator,0,0,0,0,2,2,2,2,2,2,2
Mercenary Unique,HC,,Blackleach Blade,0,0,0,0,1,1,1,1,2,2,1
Mercenary Set,HC,,Hwanin's Splendor,0,0,0,0,4,4,4,3,4,4,4
Mercenary Unique,HC,,Corpsemourn,0,0,0,0,3,3,3,2,2,2,2
Mercenary Unique,HC,,The Meat Scraper,0,0,0,0,2,2,3,3,2,2,2
Mercenary Unique,HC,,Spire of Honor,0,0,0,0,3,3,3,4,4,4,4
Mercenary Runeword,HC,,Cure,0,0,0,0,2,2,2,2,2,2,2
Mercenary Unique,HC,,Lance of Yaggai,0,0,0,0,1,1,1,2,1,1,2
Mercenary Unique,HC,,Skin of the Vipermagi,0,0,0,0,3,3,3,3,3,3,3
Mercenary Unique,HC,,Nightwing's Veil,0,0,0,0,2,2,2,2,2,2,2
Mercenary Runeword,HC,,Last Wish,0,0,0,0,1,1,1,1,1,1,1
Mercenary Unique,HC,,Gerke's Sanctuary,0,0,0,0,6,6,6,5,5,5,5
Mercenary Unique,HC,,Skullder's Ire,0,0,0,0,1,1,1,1,1,1,1
Mercenary Unique,HC,,Flamebellow,0,0,0,0,1,1,1,1,1,1,1
Mercenary Unique,HC,,Arreat's Face,0,0,0,0,3,3,3,3,3,3,3
Mercenary Unique,HC,,Todesfaelle Flamme,0,0,0,0,3,3,3,3,3,3,3
Mercenary Unique,HC,,Heavenly Garb,0,0,0,0,3,3,3,3,3,3,3
Mercenary Unique,HC,,Steelclash,0,0,0,0,1,1,1,2,1,1,1
Mercenary Unique,HC,,Blood Crescent,0,0,0,0,1,1,1,1,1,1,1
Mercenary Unique,HC,,Tomb Reaver,0,0,0,0,4,4,4,3,3,3,3
Mercenary Unique,HC,,Moser's Blessed Circle,0,0,0,0,4,4,4,4,4,4,4
Mercenary Runeword,HC,,Strength,0,0,0,0,2,2,2,2,2,2,2
Mercenary Runeword,HC,,Unbending Will,0,0,0,0,3,3,2,2,2,2,2
Mercenary Set,HC,,Natalya's Totem,0,0,0,0,4,4,4,4,4,4,4
Mercenary Unique,HC,,Demonhorn's Edge,0,0,0,0,1,1,1,1,1,1,1
Mercenary Unique,HC,,Howltusk,0,0,0,0,3,4,4,5,5,5,5
Mercenary Set,HC,,Dark Adherent,0,0,0,0,1,1,1,1,1,1,1
Mercenary Unique,HC,,Greyform,0,0,0,0,3,3,3,3,5,5,4
Mercenary Unique,HC,,Athena's Wrath,0,0,0,0,1,1,1,1,1,1,1
Mercenary Runeword,HC,,Chains of Honor,0,0,0,0,1,1,1,1,1,1,1
Mercenary Runeword,HC,,Harmony,0,0,0,0,11,11,11,11,12,12,12
Mercenary Unique,HC,,Kira's Guardian,0,0,0,0,4,4,4,4,4,4,4
Mercenary Unique,HC,,Azurewrath,0,0,0,0,1,1,1,1,0,0,1
Mercenary Unique,HC,,Tiamat's Rebuke,0,0,0,0,1,1,1,1,0,0,0
Mercenary Unique,HC,,Witchwild String,0,0,0,0,1,1,1,1,1,1,1
Mercenary Unique,HC,,The Ward,0,0,0,0,3,3,3,3,3,3,3
Mercenary Unique,HC,,Crow Caw,0,0,0,0,3,3,3,3,3,3,3
Mercenary Set,HC,,Berserker's Hauberk,0,0,0,0,1,1,1,1,1,1,3
Mercenary Unique,HC,,The Patriarch,0,0,0,0,1,1,1,1,1,1,1
Mercenary Set,HC,,Hsarus' Iron Fist,0,0,0,0,1,1,1,1,1,1,1
Mercenary Runeword,HC,,Doom,0,0,0,0,2,2,2,2,2,2,2
Mercenary Unique,HC,,The Atlantean,0,0,0,0,0(+1),0(+1),0(+1),0(+1),0(+1),0(+1),0(+1)
Mercenary Runeword,HC,,Duress,0,0,0,0,4,4,4,5,4,4,4
Mercenary Unique,HC,,Arkaine's Valor,0,0,0,0,1,1,1,1,1,1,1
Mercenary Unique,HC,,Ormus' Robes,0,0,0,0,3,3,2,2,2,2,2
Mercenary Unique,HC,,Windforce,0,0,0,0,1,1,1,1,1,1,1
Mercenary Unique,HC,,Hone Sundan,0,0,0,0,2,2,2,3,3,3,3
Mercenary Set,HC,,Trang-Oul's Scales,0,0,0,0,1,1,1,1,1,1,1
Mercenary Runeword,HC,,Ancients' Pledge,0,0,0,0,3,3,3,3,3,3,3
Mercenary Unique,HC,,Headstriker,0,0,0,0,1,1,1,1,2,2,2
Mercenary Set,HC,,Milabrega's Orb,0,0,0,0,1,1,1,1,1,1,1
Mercenary Runeword,HC,,2693,0,0,0,0,2,2,2,2,2,2,2
Mercenary Set,HC,,Griswold's Valor,0,0,0,0,1,1,1,1,1,1,1
Mercenary Unique,HC,,Griswold's Edge,0,0,0,0,1,1,1,1,1,1,1
Mercenary Runeword,HC,,Dragon,0,0,0,0,1,1,1,1,1,1,1
Mercenary Unique,HC,,Djinn Slayer,0,0,0,0,1,1,1,1,1,1,1
Mercenary Unique,HC,,Hellplague,0,0,0,0,1,1,1,1,1,1,1
Mercenary Runeword,HC,,Sanctuary,0,0,0,0,1,1,1,0,0,0,0
Mercenary Unique,HC,,Hexfire,0,0,0,0,1,1,1,1,1,1,1
Mercenary Unique,HC,,Bverrit Keep,0,0,0,0,1,1,1,1,1,1,1
Mercenary Unique,HC,,Steel Carapace,0,0,0,0,1,1,1,1,1,1,1
Mercenary Set,HC,,Natalya's Shadow,0,0,0,0,1,1,1,1,1,1,1
Mercenary Set,HC,,Ondal's Almighty,0,0,0,0,1,1,1,1,1,1,1
Mercenary Set,HC,,Sigon's Guard,0,0,0,0,1,1,1,1,1,1,1
Mercenary Set,HC,,Infernal Cranium,0,0,0,0,1,1,1,1,2,2,2
Mercenary Set,HC,,M'avina's Embrace,0,0,0,0,1,1,1,1,1,1,1
Mercenary Unique,HC,,Culwen's Point,0,0,0,0,1,1,1,1,1,1,1
Mercenary Set,HC,,Tancred's Spine,0,0,0,0,1,0,1,0,0,0,0
Mercenary Unique,HC,,Cloudcrack,0,0,0,0,1,1,2,2,2,2,2
Mercenary Unique,HC,,Magewrath,0,0,0,0,1,0,0,0,0,0,0
Mercenary Set,HC,,M'avina's True Sight,0,0,0,0,1,1,0,0,0,0,0
Mercenary Unique,HC,,Umbral Disk,0,0,0,0,0,1,1,1,1,1,1
Mercenary Unique,HC,,Lightsabre,0,0,0,0,0,0,1,1,0,0,0
Mercenary Unique,HC,,Lance Guard,0,0,0,0,0,0,1,0,0,0,0
Mercenary Unique,HC,,Coldsteel Eye,0,0,0,0,0,0,1,0,0,0,0
Mercenary Unique,HC,,The Dragon Chang,0,0,0,0,0,0,1,0,0,0,0
Mercenary Runeword,HC,,Radiance,0,0,0,0,0,0,0,3,3,3,3
Mercenary Unique,HC,,Blade of Ali Baba,0,0,0,0,0,0,0,1,0,0,0
Mercenary Unique,HC,,Radament's Sphere,0,0,0,0,0,0,0,1,0,0,0
Mercenary Unique,HC,,Blackoak Shield,0,0,0,0,0,0,0,1,1,1,1
Mercenary Runeword,HC,,Grief,0,0,0,0,0,0,0,1,0,0,0
Mercenary Unique,HC,,Hellcast,0,0,0,0,0,0,0,1,0,0,0
Mercenary Set,HC,,Tal Rasha's Guardianship,0,0,0,0,0,0,0,1,1,1,1
Mercenary Runeword,HC,,Stone,0,0,0,0,0,0,0,1,1,1,1
Mercenary Set,HC,,Vidala's Barb,0,0,0,0,0,0,0,1,1,1,1
Mercenary Unique,HC,,Valkyrie Wing,0,0,0,0,0,0,0,0,1,1,1
Mercenary Unique,HC,,Giant Skull,0,0,0,0,0,0,0,0,2,2,1
Mercenary Unique,HC,,Swordback Hold,0,0,0,0,0,0,0,0,1,1,1
Mercenary Set,HC,,Cow King's Horns,0,0,0,0,0,0,0,0,1,1,1
Mercenary Unique,HC,,Stormguild,0,0,0,0,0,0,0,0,1,1,1
Mercenary Unique,HC,,Steel Pillar,0,0,0,0,0,0,0,0,1,0,0
Mercenary Runeword,HC,,Rift,0,0,0,0,0,0,0,0,1,1,1
Server,ALL,,Online_Now,0,0,0,0,0,0,0,0,0,0,15
Server,ALL,,Online_Last_Hour,0,0,0,0,0,0,0,0,0,0,23
Server,ALL,,Online_Last_Day,0,0,0,0,0,0,0,0,0,0,97
Server,ALL,,Online_Last_Week,0,0,0,0,0,0,0,0,0,0,299
Server,ALL,,Online_Last_Fortnight,0,0,0,0,0,0,0,0,0,0,428
Server,ALL,,Games_Open,0,0,0,0,0,0,0,0,0,0,22
GameServer,ALL,US,Secaucus_Players,0,0,0,0,0,0,0,0,0,0,6
GameServer,ALL,US,Secaucus_Games,0,0,0,0,0,0,0,0,0,0,6
GameServer,ALL,EU,Frankfurt_Players,0,0,0,0,0,0,0,0,0,0,0
GameServer,ALL,EU,Frankfurt_Games,0,0,0,0,0,0,0,0,0,0,0
Server,ALL,,Online_In_Games,0,0,0,0,0,0,0,0,0,0,18
GameServer,ALL,US,Dallas_Players,0,0,0,0,0,0,0,0,0,0,1
GameServer,ALL,US,Dallas_Games,0,0,0,0,0,0,0,0,0,0,1
GameServer,ALL,DE,Frankfurt_Players,0,0,0,0,0,0,0,0,0,0,5
GameServer,ALL,DE,Frankfurt_Games,0,0,0,0,0,0,0,0,0,0,6
GameServer,ALL,US,Miami_Players,0,0,0,0,0,0,0,0,0,0,0
GameServer,ALL,US,Miami_Games,0,0,0,0,0,0,0,0,0,0,1
GameServer,ALL,SG,Singapore_Players,0,0,0,0,0,0,0,0,0,0,3
GameServer,ALL,SG,Singapore_Games,0,0,0,0,0,0,0,0,0,0,3
GameServer,ALL,US,Las_Vegas_Players,0,0,0,0,0,0,0,0,0,0,0
GameServer,ALL,US,Las_Vegas_Games,0,0,0,0,0,0,0,0,0,0,0
GameServer,ALL,RU,Moscow_Players,0,0,0,0,0,0,0,0,0,0,0
GameServer,ALL,RU,Moscow_Games,0,0,0,0,0,0,0,0,0,0,0
GameServer,ALL,CA,Montreal_Players,0,0,0,0,0,0,0,0,0,0,0
GameServer,ALL,CA,Montreal_Games,0,0,0,0,0,0,0,0,0,0,0
GameServer,ALL,US,Denver_Players,0,0,0,0,0,0,0,0,0,0,0
GameServer,ALL,US,Denver_Games,0,0,0,0,0,0,0,0,0,0,0
GameServer,ALL,US,Chicago_Players,0,0,0,0,0,0,0,0,0,0,0
GameServer,ALL,US,Chicago_Games,0,0,0,0,0,0,0,0,0,0,0
GameServer,ALL,LU,Luxembourg_Players,0,0,0,0,0,0,0,0,0,0,0
GameServer,ALL,LU,Luxembourg_Games,0,0,0,0,0,0,0,0,0,0,0
GameServer,ALL,BR,Sao_Paulo_Players,0,0,0,0,0,0,0,0,0,0,0
GameServer,ALL,BR,Sao_Paulo_Games,0,0,0,0,0,0,0,0,0,0,0
GameServer,ALL,CZ,Czech_Republic_Players,0,0,0,0,0,0,0,0,0,0,1
GameServer,ALL,CZ,Czech_Republic_Games,0,0,0,0,0,0,0,0,0,0,1
GameServer,ALL,US,Atlanta_Players,0,0,0,0,0,0,0,0,0,0,0
GameServer,ALL,US,Atlanta_Games,0,0,0,0,0,0,0,0,0,0,0
GameServer,ALL,AU,Melbourne_Players,0,0,0,0,0,0,0,0,0,0,1
GameServer,ALL,AU,Melbourne_Games,0,0,0,0,0,0,0,0,0,0,1
GameServer,ALL,JP,Tokyo_Players,0,0,0,0,0,0,0,0,0,0,2
GameServer,ALL,JP,Tokyo_Games,0,0,0,0,0,0,0,0,0,0,2
GameServer,ALL,US,Seattle_Players,0,0,0,0,0,0,0,0,0,0,0
GameServer,ALL,US,Seattle_Games,0,0,0,0,0,0,0,0,0,0,0
GameServer,ALL,US,Los_Angeles_Players,0,0,0,0,0,0,0,0,0,0,1
GameServer,ALL,US,Los_Angeles_Games,0,0,0,0,0,0,0,0,0,0,2
GameServer,ALL,FR,Paris_Players,0,0,0,0,0,0,0,0,0,0,6
GameServer,ALL,FR,Paris_Games,0,0,0,0,0,0,0,0,0,0,8
GameServer,ALL,NO,Oslo_Players,0,0,0,0,0,0,0,0,0,0,0
GameServer,ALL,NO,Oslo_Games,0,0,0,0,0,0,0,0,0,0,0
GameServer,ALL,KR,Seoul_Players,0,0,0,0,0,0,0,0,0,0,0
GameServer,ALL,KR,Seoul_Games,0,0,0,0,0,0,0,0,0,0,0
GameServer,ALL,KR,Seoul_Players,0,0,0,0,0,0,0,0,0,0,3
GameServer,ALL,KR,Seoul_Games,0,0,0,0,0,0,0,0,0,0,4
GameServer,ALL,CN,Shanghai_Players,0,0,0,0,0,0,0,0,0,0,1
GameServer,ALL,CN,Shanghai_Games,0,0,0,0,0,0,0,0,0,0,1
Mercenary Unique,SC,,Kelpie Snare,0,0,0,0,0,0,0,0,0,0,1
Unique Charm,SC,,Hellfire Torch,0,0,0,0,0,0,0,0,0,0,956
Unique Charm,SC,,Annihilus,0,0,0,0,0,0,0,0,0,0,551
Unique Charm,SC,,Gheed's Fortune,0,0,0,0,0,0,0,0,0,0,705
Unique Charm,HC,,Hellfire Torch,0,0,0,0,0,0,0,0,0,0,165
Unique Charm,HC,,Annihilus,0,0,0,0,0,0,0,0,0,0,86
Unique Charm,HC,,Gheed's Fortune,0,0,0,0,0,0,0,0,0,0,159
Mercenary Unique,SC,,Ginther's Rift,0,0,0,0,0,0,0,0,0,0,1
Mercenary Runeword,HC,,Steel,0,0,0,0,0,0,0,0,0,0,1
Mercenary Unique,HC,,Lidless Wall,0,0,0,0,0,0,0,0,0,0,1
